timestamp,funding_rate
2022-01-01 00:00:00,-0.0006602968734387544
2022-01-01 08:00:00,-0.00014552308668114105
2022-01-01 16:00:00,0.00023582595206093681
2022-01-02 00:00:00,0.0002087120791083577
2022-01-02 08:00:00,-0.0003081895005143972
2022-01-02 16:00:00,0.00015248954770049947
2022-01-03 00:00:00,0.000322260765766965
2022-01-03 08:00:00,0.0002775089778959574
2022-01-03 16:00:00,0.0002791115499150305
2022-01-04 00:00:00,0.00018385707973352585
2022-01-04 08:00:00,-0.00014625336818633374
2022-01-04 16:00:00,-0.00018553289401597982
2022-01-05 00:00:00,-0.0005213464757550442
2022-01-05 08:00:00,-7.621043741880143e-05
2022-01-05 16:00:00,-0.000281139602249326
2022-01-06 00:00:00,-0.00019869536976020394
2022-01-06 08:00:00,-0.0005597644202010801
2022-01-06 16:00:00,0.0006573506811937461
2022-01-07 00:00:00,0.00024832498036771666
2022-01-07 08:00:00,-0.00017376261066767658
2022-01-07 16:00:00,4.853507310271559e-05
2022-01-08 00:00:00,0.0001462302767760498
2022-01-08 08:00:00,0.0005515589752427324
2022-01-08 16:00:00,0.0012096986040712138
2022-01-09 00:00:00,-4.2677318571426154e-05
2022-01-09 08:00:00,1.2137147818743735e-07
2022-01-09 16:00:00,-0.00013737008171395537
2022-01-10 00:00:00,-0.0006739427097644021
2022-01-10 08:00:00,0.0003211050441822485
2022-01-10 16:00:00,-0.0004403174681751632
2022-01-11 00:00:00,0.0014560982878548566
2022-01-11 08:00:00,0.0002140677131126256
2022-01-11 16:00:00,0.00046022136677201296
2022-01-12 00:00:00,0.00016550162426439406
2022-01-12 08:00:00,0.0002099688716118396
2022-01-12 16:00:00,-0.0003070922240637073
2022-01-13 00:00:00,-0.00045451408206338917
2022-01-13 08:00:00,-0.00011252205898346245
2022-01-13 16:00:00,-0.0003497115483409637
2022-01-14 00:00:00,5.805755224600562e-05
2022-01-14 08:00:00,0.00031011247582211687
2022-01-14 16:00:00,-0.0003061824466602172
2022-01-15 00:00:00,0.0002897842362081543
2022-01-15 08:00:00,0.00046767408386246884
2022-01-15 16:00:00,-0.000803047514134914
2022-01-16 00:00:00,0.0007808119379998081
2022-01-16 08:00:00,0.00013420142785511248
2022-01-16 16:00:00,9.251202218060652e-05
2022-01-17 00:00:00,-7.78839158476735e-05
2022-01-17 08:00:00,7.189315896097955e-05
2022-01-17 16:00:00,-0.00036612153142806845
2022-01-18 00:00:00,-0.00018062371096714614
2022-01-18 08:00:00,-0.0006161918703802442
2022-01-18 16:00:00,0.00038869947716911
2022-01-19 00:00:00,-0.00046994130636411765
2022-01-19 08:00:00,0.00024225086069917998
2022-01-19 16:00:00,0.00034520495289700934
2022-01-20 00:00:00,-3.412066961173965e-05
2022-01-20 08:00:00,-0.00015459204570511523
2022-01-20 16:00:00,-0.00015088559056952638
2022-01-21 00:00:00,0.000547909405440277
2022-01-21 08:00:00,-0.0001549068401275926
2022-01-21 16:00:00,-0.0004594182860473443
2022-01-22 00:00:00,-0.000349888083644301
2022-01-22 08:00:00,0.00022664192862296856
2022-01-22 16:00:00,-0.00022587742944423647
2022-01-23 00:00:00,-0.00037667024316098203
2022-01-23 08:00:00,0.0004467437271104435
2022-01-23 16:00:00,-0.000991090262026633
2022-01-24 00:00:00,0.0007828789151916157
2022-01-24 08:00:00,-0.0001513581934828101
2022-01-24 16:00:00,9.081469324424969e-05
2022-01-25 00:00:00,-0.0003959921156146979
2022-01-25 08:00:00,0.0003763679272445789
2022-01-25 16:00:00,-0.0005797656562088939
2022-01-26 00:00:00,-0.00015885073364769827
2022-01-26 08:00:00,0.00010459624307932704
2022-01-26 16:00:00,0.00036572236866943045
2022-01-27 00:00:00,0.0003503347619806535
2022-01-27 08:00:00,-0.0006561310544711672
2022-01-27 16:00:00,9.85910188966061e-05
2022-01-28 00:00:00,-5.57894740779275e-05
2022-01-28 08:00:00,0.0008330011966869955
2022-01-28 16:00:00,-0.0006796418835893295
2022-01-29 00:00:00,-0.0004228939856698229
2022-01-29 08:00:00,0.00036442044843947816
2022-01-29 16:00:00,9.757667286903178e-05
2022-01-30 00:00:00,7.787212788920795e-05
2022-01-30 08:00:00,0.00024240022520107958
2022-01-30 16:00:00,-6.600555292538725e-05
2022-01-31 00:00:00,-0.0001495387708526247
2022-01-31 08:00:00,-0.0003914478181905286
2022-01-31 16:00:00,0.0006842746832057145
2022-02-01 00:00:00,-0.0004750595361276631
2022-02-01 08:00:00,0.00017364415454081345
2022-02-01 16:00:00,-0.0006670860098037348
2022-02-02 00:00:00,-0.00028789767365392606
2022-02-02 08:00:00,-1.7954956327566492e-05
2022-02-02 16:00:00,0.0007771161125667533
2022-02-03 00:00:00,-0.00020968839120217854
2022-02-03 08:00:00,0.00044771141026936194
2022-02-03 16:00:00,0.0003490045090310331
2022-02-04 00:00:00,-0.000888339189238705
2022-02-04 08:00:00,-4.76676895756336e-05
2022-02-04 16:00:00,9.31645460029752e-06
2022-02-05 00:00:00,0.0007752445016304416
2022-02-05 08:00:00,-0.00012832290031778286
2022-02-05 16:00:00,-0.0001927569411484363
2022-02-06 00:00:00,7.104022848610689e-05
2022-02-06 08:00:00,0.00030152680238564077
2022-02-06 16:00:00,0.000856106162460049
2022-02-07 00:00:00,0.00019136762791610335
2022-02-07 08:00:00,0.0007954882373641239
2022-02-07 16:00:00,-0.000387203616576843
2022-02-08 00:00:00,-0.00024195223512691707
2022-02-08 08:00:00,-0.0001538843881207645
2022-02-08 16:00:00,0.0001322670721955878
2022-02-09 00:00:00,0.0001839237009520958
2022-02-09 08:00:00,0.0005813749111054047
2022-02-09 16:00:00,-0.0002516477468598879
2022-02-10 00:00:00,0.00020315894496159494
2022-02-10 08:00:00,-0.00022452376398743586
2022-02-10 16:00:00,8.373326269384697e-05
2022-02-11 00:00:00,-0.00024608350452382704
2022-02-11 08:00:00,-0.0010368993464946862
2022-02-11 16:00:00,-0.0003749660058338819
2022-02-12 00:00:00,0.0003102744299921905
2022-02-12 08:00:00,0.0007274568736121392
2022-02-12 16:00:00,-0.0006951351467206444
2022-02-13 00:00:00,-0.00046098465716712037
2022-02-13 08:00:00,-1.4311674847404255e-05
2022-02-13 16:00:00,0.00033987388472864205
2022-02-14 00:00:00,-0.00021499002862635056
2022-02-14 08:00:00,-0.0001859290436654193
2022-02-14 16:00:00,-0.0009741280145001798
2022-02-15 00:00:00,0.0006696024205980322
2022-02-15 08:00:00,0.00039550468769069104
2022-02-15 16:00:00,0.0003672395824487958
2022-02-16 00:00:00,-0.0006763940022726409
2022-02-16 08:00:00,0.0003626307484457387
2022-02-16 16:00:00,0.0005116569201385599
2022-02-17 00:00:00,-0.00045433659030920886
2022-02-17 08:00:00,-3.5520765817076087e-06
2022-02-17 16:00:00,-0.00023360226548843808
2022-02-18 00:00:00,9.109396724718084e-05
2022-02-18 08:00:00,-0.0002411827023609659
2022-02-18 16:00:00,0.0005733195506547385
2022-02-19 00:00:00,0.00013692223515041147
2022-02-19 08:00:00,-0.00043039792248421917
2022-02-19 16:00:00,-0.00019896314808851294
2022-02-20 00:00:00,-0.0007664442855217478
2022-02-20 08:00:00,-0.0004965730591186546
2022-02-20 16:00:00,0.00024464299292586755
2022-02-21 00:00:00,0.0005298259495728904
2022-02-21 08:00:00,-0.0004930413041476068
2022-02-21 16:00:00,0.0008265756489257171
2022-02-22 00:00:00,0.00010152303683220101
2022-02-22 08:00:00,-0.0006256693874272279
2022-02-22 16:00:00,0.000484948448867113
2022-02-23 00:00:00,-2.995696276711465e-05
2022-02-23 08:00:00,0.0005169398315542933
2022-02-23 16:00:00,-0.00012805250013684554
2022-02-24 00:00:00,-0.00015820859841515672
2022-02-24 08:00:00,0.00017432391443049337
2022-02-24 16:00:00,-0.0007046260467943654
2022-02-25 00:00:00,-0.00047409843748078305
2022-02-25 08:00:00,0.00023207997354472067
2022-02-25 16:00:00,0.0003502514235819684
2022-02-26 00:00:00,9.7538935144467e-05
2022-02-26 08:00:00,0.0009458499300248752
2022-02-26 16:00:00,-0.0007978001204417692
2022-02-27 00:00:00,0.0001773317965669914
2022-02-27 08:00:00,0.0005921063403079815
2022-02-27 16:00:00,-6.147243672531143e-05
2022-02-28 00:00:00,-0.0001442455084151525
2022-02-28 08:00:00,8.142037873506039e-05
2022-02-28 16:00:00,0.00048359212895528935
2022-03-01 00:00:00,0.00036566667125855135
2022-03-01 08:00:00,-0.0003768478104084483
2022-03-01 16:00:00,0.00015847674878025883
2022-03-02 00:00:00,-0.00013392373691279084
2022-03-02 08:00:00,0.0005746795818514429
2022-03-02 16:00:00,-4.46014917760743e-05
2022-03-03 00:00:00,-2.8197838216212475e-05
2022-03-03 08:00:00,-0.0008698737633283437
2022-03-03 16:00:00,0.000873423615504619
2022-03-04 00:00:00,0.001194657194942141
2022-03-04 08:00:00,0.0004647788717057585
2022-03-04 16:00:00,-8.065421778493335e-05
2022-03-05 00:00:00,-3.490142670545775e-05
2022-03-05 08:00:00,-0.0005603798977503377
2022-03-05 16:00:00,-0.0010528975364972359
2022-03-06 00:00:00,-0.0007010143473644262
2022-03-06 08:00:00,0.0001303857507933133
2022-03-06 16:00:00,-0.00019347469627116714
2022-03-07 00:00:00,0.0006601281658808747
2022-03-07 08:00:00,0.0006287396292873539
2022-03-07 16:00:00,0.0002556200904530371
2022-03-08 00:00:00,7.374325183599642e-05
2022-03-08 08:00:00,0.0001095028506389768
2022-03-08 16:00:00,-0.0005686430735654275
2022-03-09 00:00:00,-0.00011352110021815677
2022-03-09 08:00:00,-0.0005228436930702619
2022-03-09 16:00:00,0.00020104524087925004
2022-03-10 00:00:00,0.00011812468383594784
2022-03-10 08:00:00,-0.00025328921509190487
2022-03-10 16:00:00,0.0004698323666786689
2022-03-11 00:00:00,0.0002907008189289919
2022-03-11 08:00:00,0.00030660312135098576
2022-03-11 16:00:00,0.0004828984151933756
2022-03-12 00:00:00,-5.1833479344602405e-05
2022-03-12 08:00:00,-0.00029447573850282767
2022-03-12 16:00:00,0.0007629631923013074
2022-03-13 00:00:00,-0.00045797610028858686
2022-03-13 08:00:00,0.00013917391737517748
2022-03-13 16:00:00,0.00019099677000038328
2022-03-14 00:00:00,0.000919224625728906
2022-03-14 08:00:00,-0.0012328398914939827
2022-03-14 16:00:00,-0.0012477329427505294
2022-03-15 00:00:00,-0.0005234045110916082
2022-03-15 08:00:00,0.0001366804961786003
2022-03-15 16:00:00,-0.00040152017879537016
2022-03-16 00:00:00,-0.00019579592151987077
2022-03-16 08:00:00,0.00038554638819780307
2022-03-16 16:00:00,0.0008750983588935546
2022-03-17 00:00:00,0.000868670251404848
2022-03-17 08:00:00,-0.000681222319318436
2022-03-17 16:00:00,-0.0007871627858675054
2022-03-18 00:00:00,-0.0005490997025775593
2022-03-18 08:00:00,-0.0002363022996369995
2022-03-18 16:00:00,-0.0001553953408957565
2022-03-19 00:00:00,0.00043675706355800545
2022-03-19 08:00:00,-0.00012966687314254545
2022-03-19 16:00:00,0.0006597735270641862
2022-03-20 00:00:00,-0.0009437491682898713
2022-03-20 08:00:00,0.00023546304597601942
2022-03-20 16:00:00,3.7775355546315544e-05
2022-03-21 00:00:00,-0.0008163703000741334
2022-03-21 08:00:00,-0.0005954800545723977
2022-03-21 16:00:00,-8.580254060573012e-05
2022-03-22 00:00:00,0.00015855151996961865
2022-03-22 08:00:00,0.00025787524629777294
2022-03-22 16:00:00,0.00020906671826240902
2022-03-23 00:00:00,-0.00034727371667041696
2022-03-23 08:00:00,-0.00046237689893967375
2022-03-23 16:00:00,0.0007017056429578164
2022-03-24 00:00:00,5.522931179767202e-05
2022-03-24 08:00:00,-0.00018187968434735195
2022-03-24 16:00:00,0.000515664482870304
2022-03-25 00:00:00,0.0001646848424228918
2022-03-25 08:00:00,-9.900586952714514e-06
2022-03-25 16:00:00,0.000508639263765516
2022-03-26 00:00:00,-6.150294540964457e-05
2022-03-26 08:00:00,0.0006240269641857321
2022-03-26 16:00:00,9.621866974689521e-05
2022-03-27 00:00:00,0.00014216003588561206
2022-03-27 08:00:00,0.0006529326091114227
2022-03-27 16:00:00,0.0005582900247805903
2022-03-28 00:00:00,0.0004026286189492001
2022-03-28 08:00:00,8.6649991105055e-05
2022-03-28 16:00:00,4.869176429740023e-05
2022-03-29 00:00:00,-0.0005999554046642652
2022-03-29 08:00:00,-0.0001083976188590472
2022-03-29 16:00:00,-0.0001296027059484444
2022-03-30 00:00:00,0.0004252394253275162
2022-03-30 08:00:00,-0.0006654573854312923
2022-03-30 16:00:00,-0.00023333213239728668
2022-03-31 00:00:00,-0.00041193969147521763
2022-03-31 08:00:00,0.00013523272816309622
2022-03-31 16:00:00,-8.729329552018689e-05
2022-04-01 00:00:00,-0.0012509452867017217
2022-04-01 08:00:00,0.00022651547025930637
2022-04-01 16:00:00,-0.0005606265681234127
2022-04-02 00:00:00,-0.0004869793652508107
2022-04-02 08:00:00,0.0007836997270791892
2022-04-02 16:00:00,-0.00041840532854808127
2022-04-03 00:00:00,0.0006413823986428233
2022-04-03 08:00:00,0.0006394799353869528
2022-04-03 16:00:00,0.0008480961065232415
2022-04-04 00:00:00,-4.751605404444766e-06
2022-04-04 08:00:00,0.0003603918055486403
2022-04-04 16:00:00,-4.1061057047380084e-05
2022-04-05 00:00:00,-1.8847935243423458e-05
2022-04-05 08:00:00,-1.5366908153713503e-06
2022-04-05 16:00:00,-0.0009964767934045674
2022-04-06 00:00:00,0.00040827262035169346
2022-04-06 08:00:00,-0.00029762202229212126
2022-04-06 16:00:00,0.001257404854512853
2022-04-07 00:00:00,0.000520972304353509
2022-04-07 08:00:00,-0.00027237060957239166
2022-04-07 16:00:00,-0.0002286280820098795
2022-04-08 00:00:00,0.0006059881104693606
2022-04-08 08:00:00,-0.00023125049622383905
2022-04-08 16:00:00,-0.00047015929742014005
2022-04-09 00:00:00,-0.0005853274084177192
2022-04-09 08:00:00,0.0001037950926856954
2022-04-09 16:00:00,0.00017963678993281393
2022-04-10 00:00:00,-0.0005750636515848924
2022-04-10 08:00:00,0.00026157666211262424
2022-04-10 16:00:00,-0.0015262710184050625
2022-04-11 00:00:00,-0.0006416447507780755
2022-04-11 08:00:00,-0.0003407749244695258
2022-04-11 16:00:00,0.0004548883890238692
2022-04-12 00:00:00,-0.00020525316804051222
2022-04-12 08:00:00,-0.0007191026581960129
2022-04-12 16:00:00,0.0011272315410967154
2022-04-13 00:00:00,0.0010156735916841408
2022-04-13 08:00:00,0.00019586039072864796
2022-04-13 16:00:00,-0.00022107200218436193
2022-04-14 00:00:00,-2.0038920485257593e-05
2022-04-14 08:00:00,-0.00010996865907766613
2022-04-14 16:00:00,0.00021143136761387463
2022-04-15 00:00:00,-0.000827866757039414
2022-04-15 08:00:00,7.033585998789174e-05
2022-04-15 16:00:00,0.00014354817789487213
2022-04-16 00:00:00,0.00037280010533220797
2022-04-16 08:00:00,-2.7441496100094213e-05
2022-04-16 16:00:00,-0.0001647811858967201
2022-04-17 00:00:00,0.00023450997870400837
2022-04-17 08:00:00,0.00048336088073984765
2022-04-17 16:00:00,0.00016788388489439354
2022-04-18 00:00:00,-8.983702608955685e-05
2022-04-18 08:00:00,3.766544816105343e-05
2022-04-18 16:00:00,0.0003862343576155699
2022-04-19 00:00:00,0.000978487530269813
2022-04-19 08:00:00,0.00022161527576522523
2022-04-19 16:00:00,0.0006864387837638312
2022-04-20 00:00:00,-0.0003699552816169323
2022-04-20 08:00:00,-0.000559405609358434
2022-04-20 16:00:00,0.0001421821433378981
2022-04-21 00:00:00,-0.0006083115015243734
2022-04-21 08:00:00,-0.00017974164826256204
2022-04-21 16:00:00,0.0006121803843746299
2022-04-22 00:00:00,0.0008073981286622403
2022-04-22 08:00:00,-0.0001006965297085574
2022-04-22 16:00:00,0.00017242860314618718
2022-04-23 00:00:00,-1.6812817620909607e-05
2022-04-23 08:00:00,-0.00025970644611001266
2022-04-23 16:00:00,0.00024734271453449093
2022-04-24 00:00:00,0.0005391508089731514
2022-04-24 08:00:00,0.0002218129688139623
2022-04-24 16:00:00,-6.449207719253807e-05
2022-04-25 00:00:00,0.000379947518328053
2022-04-25 08:00:00,0.00016383487509688915
2022-04-25 16:00:00,0.00048014157474638076
2022-04-26 00:00:00,-0.00045775204315602163
2022-04-26 08:00:00,0.0002850520642068529
2022-04-26 16:00:00,9.120496560469358e-05
2022-04-27 00:00:00,0.00011189804177089579
2022-04-27 08:00:00,-0.00022404826454747813
2022-04-27 16:00:00,0.0008249578288556202
2022-04-28 00:00:00,-3.457617455780731e-05
2022-04-28 08:00:00,0.0009731226877638407
2022-04-28 16:00:00,-0.00015758265187117927
2022-04-29 00:00:00,0.0006051351060043355
2022-04-29 08:00:00,0.000516427674972158
2022-04-29 16:00:00,0.00016612928323767831
2022-04-30 00:00:00,8.47435787427885e-05
2022-04-30 08:00:00,3.077053864344304e-05
2022-04-30 16:00:00,0.0005209870042958926
2022-05-01 00:00:00,0.00022275161730393996
2022-05-01 08:00:00,0.0007100429108900834
2022-05-01 16:00:00,-0.000544097147197603
2022-05-02 00:00:00,-0.0006950127010380388
2022-05-02 08:00:00,0.0012471472056540108
2022-05-02 16:00:00,-0.00029177893644520396
2022-05-03 00:00:00,0.00047757067576012204
2022-05-03 08:00:00,0.00039641412191504364
2022-05-03 16:00:00,-0.00018959779927920744
2022-05-04 00:00:00,-0.0001445352625632171
2022-05-04 08:00:00,-5.3213316932873114e-05
2022-05-04 16:00:00,-0.00011874422562575288
2022-05-05 00:00:00,0.0006925707638059407
2022-05-05 08:00:00,-0.0010345512540614942
2022-05-05 16:00:00,-0.00025943379162315336
2022-05-06 00:00:00,-0.0006055751124227304
2022-05-06 08:00:00,0.0002280450049009908
2022-05-06 16:00:00,-0.00017203284328919232
2022-05-07 00:00:00,0.00019014078408739253
2022-05-07 08:00:00,-0.0011568464532293297
2022-05-07 16:00:00,-0.0006509857311385197
2022-05-08 00:00:00,4.806801198218417e-05
2022-05-08 08:00:00,0.00029319605403891914
2022-05-08 16:00:00,0.0007865329455449865
2022-05-09 00:00:00,0.00038583496403436985
2022-05-09 08:00:00,0.00013807371452064087
2022-05-09 16:00:00,-0.0006009715074444236
2022-05-10 00:00:00,-9.82924456459752e-05
2022-05-10 08:00:00,0.00025593206184593576
2022-05-10 16:00:00,-0.0007176905251316638
2022-05-11 00:00:00,8.819198796782766e-05
2022-05-11 08:00:00,-7.120442310460537e-05
2022-05-11 16:00:00,-0.0003565871227754614
2022-05-12 00:00:00,-0.00032396796551564073
2022-05-12 08:00:00,0.0012745943335758926
2022-05-12 16:00:00,-0.0001254132665239658
2022-05-13 00:00:00,8.240861417685591e-05
2022-05-13 08:00:00,-0.00045138360912109506
2022-05-13 16:00:00,-8.407703721775904e-05
2022-05-14 00:00:00,-0.00046285194066480524
2022-05-14 08:00:00,-0.0004060436676281509
2022-05-14 16:00:00,-0.00020226827241892398
2022-05-15 00:00:00,1.5339572761771876e-05
2022-05-15 08:00:00,0.00014080949003731326
2022-05-15 16:00:00,-9.154190500793271e-05
2022-05-16 00:00:00,0.0002532011842240344
2022-05-16 08:00:00,-0.0001858654189746573
2022-05-16 16:00:00,-8.493366804705154e-05
2022-05-17 00:00:00,-0.0009366655798047664
2022-05-17 08:00:00,-0.0004963066238555207
2022-05-17 16:00:00,0.0002920544102555614
2022-05-18 00:00:00,-0.0007541719778968173
2022-05-18 08:00:00,-0.0002745407640378014
2022-05-18 16:00:00,0.00022990304274705044
2022-05-19 00:00:00,0.00012613268458436976
2022-05-19 08:00:00,0.00023574280136564804
2022-05-19 16:00:00,0.00024449808348549115
2022-05-20 00:00:00,0.0005191497269969696
2022-05-20 08:00:00,0.0003433503224144326
2022-05-20 16:00:00,0.00023737930286713384
2022-05-21 00:00:00,0.0003679311933154467
2022-05-21 08:00:00,-0.00026734116437931315
2022-05-21 16:00:00,0.0008816223288076926
2022-05-22 00:00:00,0.0006551266320961049
2022-05-22 08:00:00,0.000173373108585314
2022-05-22 16:00:00,0.0002585817148257903
2022-05-23 00:00:00,5.674110148908477e-05
2022-05-23 08:00:00,0.0001863413556490392
2022-05-23 16:00:00,-0.0006991079492420487
2022-05-24 00:00:00,-0.0004475142054702415
2022-05-24 08:00:00,-0.0007120339017128255
2022-05-24 16:00:00,-0.000427761031626124
2022-05-25 00:00:00,0.0003869333756534437
2022-05-25 08:00:00,5.350030197100511e-05
2022-05-25 16:00:00,-7.169853745923386e-05
2022-05-26 00:00:00,-1.5432324690395898e-05
2022-05-26 08:00:00,0.00018337710810714284
2022-05-26 16:00:00,0.0001405445678100891
2022-05-27 00:00:00,-0.0007642945492602316
2022-05-27 08:00:00,-0.00042554407212634475
2022-05-27 16:00:00,0.0004893271328682431
2022-05-28 00:00:00,0.00016554664968451165
2022-05-28 08:00:00,6.623545174861708e-05
2022-05-28 16:00:00,-0.0005849488624107965
2022-05-29 00:00:00,-0.0010411465089714964
2022-05-29 08:00:00,0.0003506085518379046
2022-05-29 16:00:00,-0.0005438456833180025
2022-05-30 00:00:00,0.00023334969487598495
2022-05-30 08:00:00,-0.00046136835234419704
2022-05-30 16:00:00,-0.00035707954821647715
2022-05-31 00:00:00,4.333175152516333e-05
2022-05-31 08:00:00,-0.00029850095421124365
2022-05-31 16:00:00,0.0009373228155465712
2022-06-01 00:00:00,-0.0002826747503767184
2022-06-01 08:00:00,-7.159673652058123e-05
2022-06-01 16:00:00,0.0008677111676046881
2022-06-02 00:00:00,0.00016541147993308776
2022-06-02 08:00:00,0.00031272801178846226
2022-06-02 16:00:00,-0.0001339570319334224
2022-06-03 00:00:00,-0.000491180800900129
2022-06-03 08:00:00,-7.231949373554013e-05
2022-06-03 16:00:00,2.223749284463799e-06
2022-06-04 00:00:00,0.0002442286216678163
2022-06-04 08:00:00,-1.463513148960379e-05
2022-06-04 16:00:00,-0.0004354102588714396
2022-06-05 00:00:00,0.00048668615671523173
2022-06-05 08:00:00,0.0006923356550195294
2022-06-05 16:00:00,-0.00034721874110403735
2022-06-06 00:00:00,-0.00010262441627133691
2022-06-06 08:00:00,-0.00033222324180297834
2022-06-06 16:00:00,0.00012020039710891434
2022-06-07 00:00:00,-3.159040514527839e-05
2022-06-07 08:00:00,0.000967342103086687
2022-06-07 16:00:00,-0.00045853947208406465
2022-06-08 00:00:00,-0.00028670330790220614
2022-06-08 08:00:00,0.0006226385726625489
2022-06-08 16:00:00,0.00039331008636598794
2022-06-09 00:00:00,0.00016392792031792806
2022-06-09 08:00:00,1.95387850782096e-05
2022-06-09 16:00:00,2.8058796045165906e-05
2022-06-10 00:00:00,0.00037725094492384114
2022-06-10 08:00:00,-0.0009523503375767078
2022-06-10 16:00:00,5.15966138744721e-05
2022-06-11 00:00:00,8.997251811025594e-05
2022-06-11 08:00:00,0.00013642368387457323
2022-06-11 16:00:00,5.247529889195558e-05
2022-06-12 00:00:00,1.4605642942602947e-05
2022-06-12 08:00:00,9.043052159066431e-05
2022-06-12 16:00:00,0.000485444979547082
2022-06-13 00:00:00,-0.0003936388653643919
2022-06-13 08:00:00,0.0007832862701701157
2022-06-13 16:00:00,0.0009522003080938632
2022-06-14 00:00:00,0.0005204856068596421
2022-06-14 08:00:00,-0.0002444530462200198
2022-06-14 16:00:00,0.00015373693055908364
2022-06-15 00:00:00,-0.0004460164101956382
2022-06-15 08:00:00,0.0006697297978400057
2022-06-15 16:00:00,0.0011059344274755981
2022-06-16 00:00:00,0.0012082101702720958
2022-06-16 08:00:00,0.0009239854734438823
2022-06-16 16:00:00,0.00012224914978031798
2022-06-17 00:00:00,6.439260404182151e-05
2022-06-17 08:00:00,-5.738488096472622e-05
2022-06-17 16:00:00,-0.0003028768170457085
2022-06-18 00:00:00,-0.00037606320747870283
2022-06-18 08:00:00,0.0002994672528213533
2022-06-18 16:00:00,-0.0006776847417967993
2022-06-19 00:00:00,0.000173986876900825
2022-06-19 08:00:00,0.00024845136630600556
2022-06-19 16:00:00,-0.000449049175664117
2022-06-20 00:00:00,0.00048685920988512536
2022-06-20 08:00:00,0.00015165736532535414
2022-06-20 16:00:00,-0.0003100776765882813
2022-06-21 00:00:00,-0.0007501471858671609
2022-06-21 08:00:00,-0.0004520097663476921
2022-06-21 16:00:00,-0.0008744835427242708
2022-06-22 00:00:00,0.0004572289418779395
2022-06-22 08:00:00,0.0004896236458890757
2022-06-22 16:00:00,0.00022421943903671036
2022-06-23 00:00:00,-0.0003410092711104604
2022-06-23 08:00:00,-0.00021130188697877076
2022-06-23 16:00:00,-0.0007383299989836669
2022-06-24 00:00:00,-0.00047063384250812444
2022-06-24 08:00:00,-0.0010637666349543546
2022-06-24 16:00:00,-0.0003066555123226842
2022-06-25 00:00:00,0.00047124425932729917
2022-06-25 08:00:00,0.00044886044848305867
2022-06-25 16:00:00,-0.00026124881725151614
2022-06-26 00:00:00,-0.00032442840979406856
2022-06-26 08:00:00,-0.00023848975680745632
2022-06-26 16:00:00,-7.535657400772194e-05
2022-06-27 00:00:00,-0.0004131777129707049
2022-06-27 08:00:00,0.0005327488329417689
2022-06-27 16:00:00,0.0001237495276888819
2022-06-28 00:00:00,-0.0002151484744883553
2022-06-28 08:00:00,5.463536997193441e-05
2022-06-28 16:00:00,-0.00010617034218380878
2022-06-29 00:00:00,-0.0009629143631584273
2022-06-29 08:00:00,-0.00014751496972835823
2022-06-29 16:00:00,0.00019440009736790392
2022-06-30 00:00:00,-0.0006679450652600652
2022-06-30 08:00:00,0.0008313329997243301
2022-06-30 16:00:00,0.0005938244659354039
2022-07-01 00:00:00,-1.806946801356964e-05
2022-07-01 08:00:00,0.00040665259134194164
2022-07-01 16:00:00,0.00017148487935957516
2022-07-02 00:00:00,0.00023630437509854587
2022-07-02 08:00:00,6.197833085720567e-05
2022-07-02 16:00:00,0.0004351734540029167
2022-07-03 00:00:00,-0.0002684426660868137
2022-07-03 08:00:00,-0.0001302718892644927
2022-07-03 16:00:00,-0.00046811167683543053
2022-07-04 00:00:00,0.0006361073317749717
2022-07-04 08:00:00,-0.00047000697572088714
2022-07-04 16:00:00,-0.0011258041310553905
2022-07-05 00:00:00,0.0003775432902270101
2022-07-05 08:00:00,0.0003930979778212281
2022-07-05 16:00:00,-0.0003077044363030311
2022-07-06 00:00:00,0.0005085177625632372
2022-07-06 08:00:00,7.837395026485429e-05
2022-07-06 16:00:00,0.00080526289897872
2022-07-07 00:00:00,-0.0002180251019525626
2022-07-07 08:00:00,-0.00036742443347148466
2022-07-07 16:00:00,0.0008258459895184715
2022-07-08 00:00:00,0.0006196278127582359
2022-07-08 08:00:00,0.0007022401563129368
2022-07-08 16:00:00,-0.0001688939985372288
2022-07-09 00:00:00,-0.00015968138730864106
2022-07-09 08:00:00,-0.00040040455957411663
2022-07-09 16:00:00,0.0004952825455597459
2022-07-10 00:00:00,-0.0005430631831457417
2022-07-10 08:00:00,0.00025636206285891474
2022-07-10 16:00:00,-0.0008922945328581713
2022-07-11 00:00:00,-0.0004364652381466577
2022-07-11 08:00:00,0.00020198138315105486
2022-07-11 16:00:00,-9.539959866080493e-05
2022-07-12 00:00:00,-0.0010280182052301102
2022-07-12 08:00:00,-0.0005132082921042364
2022-07-12 16:00:00,0.0007288737158201044
2022-07-13 00:00:00,-0.0007619268482157487
2022-07-13 08:00:00,0.00030702179391789934
2022-07-13 16:00:00,0.00016197693915362006
2022-07-14 00:00:00,-0.0005833159201785594
2022-07-14 08:00:00,5.871956115973674e-05
2022-07-14 16:00:00,-0.0002342903657174824
2022-07-15 00:00:00,0.0006512753078926485
2022-07-15 08:00:00,0.0005704563470091649
2022-07-15 16:00:00,-0.0008476995447518588
2022-07-16 00:00:00,0.0008924211763175718
2022-07-16 08:00:00,-0.00022518866700143507
2022-07-16 16:00:00,0.00019611918550805195
2022-07-17 00:00:00,0.0004026210068326337
2022-07-17 08:00:00,3.8684949522196185e-05
2022-07-17 16:00:00,0.00018411402857624912
2022-07-18 00:00:00,7.221914634818346e-06
2022-07-18 08:00:00,-0.0012752134244821546
2022-07-18 16:00:00,-8.992150304835842e-05
2022-07-19 00:00:00,0.00023029710873697962
2022-07-19 08:00:00,0.0002635575566449196
2022-07-19 16:00:00,0.00017854640770071978
2022-07-20 00:00:00,1.731180320772717e-05
2022-07-20 08:00:00,-0.00025355328948372465
2022-07-20 16:00:00,0.0003076307462817756
2022-07-21 00:00:00,-8.365299098074755e-05
2022-07-21 08:00:00,0.00012653870478051223
2022-07-21 16:00:00,-0.00017741111280253927
2022-07-22 00:00:00,0.0006409962061526215
2022-07-22 08:00:00,-1.9010204729992337e-05
2022-07-22 16:00:00,5.679245745228582e-05
2022-07-23 00:00:00,-0.00017872983757805935
2022-07-23 08:00:00,0.0001502797255944535
2022-07-23 16:00:00,0.00023253985638207268
2022-07-24 00:00:00,0.00010337373579486091
2022-07-24 08:00:00,-0.0004037356066521117
2022-07-24 16:00:00,0.0002711254093967149
2022-07-25 00:00:00,0.00010985388598476465
2022-07-25 08:00:00,0.0005473423636200625
2022-07-25 16:00:00,-7.466567410342131e-05
2022-07-26 00:00:00,0.00021539862624111203
2022-07-26 08:00:00,-0.0005192944096553845
2022-07-26 16:00:00,-0.00021272454541032554
2022-07-27 00:00:00,-0.0006859252245635844
2022-07-27 08:00:00,-0.00022491191988638254
2022-07-27 16:00:00,-0.0007006433530211877
2022-07-28 00:00:00,8.106827834684273e-05
2022-07-28 08:00:00,0.0003521550724792454
2022-07-28 16:00:00,-0.0002475821473635103
2022-07-29 00:00:00,0.0009950470662630864
2022-07-29 08:00:00,0.0005553267132626492
2022-07-29 16:00:00,-4.6573440000153076e-05
2022-07-30 00:00:00,0.00042001309942143414
2022-07-30 08:00:00,-0.000821760672631897
2022-07-30 16:00:00,0.0005482689995183243
2022-07-31 00:00:00,0.0002689930582747663
2022-07-31 08:00:00,0.00013791369162377518
2022-07-31 16:00:00,0.0007696416905238654
2022-08-01 00:00:00,0.00033619592620249216
2022-08-01 08:00:00,-6.517851460073742e-05
2022-08-01 16:00:00,0.0009797045236216045
2022-08-02 00:00:00,0.0002536428905876302
2022-08-02 08:00:00,0.0007396875353605513
2022-08-02 16:00:00,-0.00018577330081020706
2022-08-03 00:00:00,1.674753784970193e-05
2022-08-03 08:00:00,0.0010035321163987007
2022-08-03 16:00:00,0.00044393404224850043
2022-08-04 00:00:00,-0.0004604279129982141
2022-08-04 08:00:00,-0.00033752457895685134
2022-08-04 16:00:00,-0.00046905879431139775
2022-08-05 00:00:00,2.3125631604262994e-05
2022-08-05 08:00:00,-4.084247982732931e-05
2022-08-05 16:00:00,-0.00011940211659155467
2022-08-06 00:00:00,-0.00017477664817998304
2022-08-06 08:00:00,-0.00026967855447666557
2022-08-06 16:00:00,0.0007940168659286131
2022-08-07 00:00:00,-0.00012982132141619874
2022-08-07 08:00:00,0.00021347652876723005
2022-08-07 16:00:00,0.00017568194263446562
2022-08-08 00:00:00,-0.0004747198757999942
2022-08-08 08:00:00,-0.00013259225891790614
2022-08-08 16:00:00,7.861927827991784e-05
2022-08-09 00:00:00,0.0005554260130280796
2022-08-09 08:00:00,5.757855898840823e-05
2022-08-09 16:00:00,-0.0003025931616563225
2022-08-10 00:00:00,-0.0004237738346741472
2022-08-10 08:00:00,0.0005120014877675552
2022-08-10 16:00:00,0.0006848175064335265
2022-08-11 00:00:00,-0.0007987853048727247
2022-08-11 08:00:00,-0.0003532338429394763
2022-08-11 16:00:00,0.0001461672217623359
2022-08-12 00:00:00,-0.00032528003000616823
2022-08-12 08:00:00,0.0012915310897271847
2022-08-12 16:00:00,-0.0004497757101957167
2022-08-13 00:00:00,0.0005122358276693647
2022-08-13 08:00:00,-8.360506526715133e-05
2022-08-13 16:00:00,5.771159890008096e-05
2022-08-14 00:00:00,0.0004443173259090041
2022-08-14 08:00:00,0.0006745484673958757
2022-08-14 16:00:00,-0.00026848701382271823
2022-08-15 00:00:00,-0.00011926460016591844
2022-08-15 08:00:00,-0.0006396887564875844
2022-08-15 16:00:00,-0.00032468415150953094
2022-08-16 00:00:00,-0.0009639780179441891
2022-08-16 08:00:00,0.00031802780574838633
2022-08-16 16:00:00,0.0006596253135973257
2022-08-17 00:00:00,0.0001505540070185644
2022-08-17 08:00:00,0.0004218992196732955
2022-08-17 16:00:00,-0.000321240378091586
2022-08-18 00:00:00,-0.00030435099499652327
2022-08-18 08:00:00,1.846163831302148e-05
2022-08-18 16:00:00,-0.0003173836833510849
2022-08-19 00:00:00,8.353643921748507e-06
2022-08-19 08:00:00,-0.0005383689202355789
2022-08-19 16:00:00,-0.0003121581130089794
2022-08-20 00:00:00,0.0007221901966958121
2022-08-20 08:00:00,-0.0005972996828188838
2022-08-20 16:00:00,-0.0004797170631393095
2022-08-21 00:00:00,-0.0008671248634986957
2022-08-21 08:00:00,0.00021536010443648786
2022-08-21 16:00:00,1.710874448896035e-08
2022-08-22 00:00:00,-0.001161129918221102
2022-08-22 08:00:00,0.0001970197811772704
2022-08-22 16:00:00,-0.0004302789028738439
2022-08-23 00:00:00,-0.00031798861256412356
2022-08-23 08:00:00,-0.00013624094397468885
2022-08-23 16:00:00,-8.057250420534975e-05
2022-08-24 00:00:00,0.000992761165787935
2022-08-24 08:00:00,-0.0013617957184738829
2022-08-24 16:00:00,9.62522465839696e-06
2022-08-25 00:00:00,0.0009878979623955167
2022-08-25 08:00:00,1.3765963078082645e-05
2022-08-25 16:00:00,-0.0003094361243249964
2022-08-26 00:00:00,0.00042494712335027884
2022-08-26 08:00:00,0.0005373011936052126
2022-08-26 16:00:00,-6.166246186670715e-05
2022-08-27 00:00:00,0.00017899890209592057
2022-08-27 08:00:00,0.0003047607714032214
2022-08-27 16:00:00,-0.00042991256982650425
2022-08-28 00:00:00,-0.000564299639560328
2022-08-28 08:00:00,0.00045435911910464205
2022-08-28 16:00:00,-0.0005507690084129952
2022-08-29 00:00:00,0.00014699488151295476
2022-08-29 08:00:00,0.0007107167519785875
2022-08-29 16:00:00,0.00017231990489515286
2022-08-30 00:00:00,0.00027868619848559146
2022-08-30 08:00:00,7.218193217168547e-05
2022-08-30 16:00:00,-0.0002549334990531778
2022-08-31 00:00:00,-0.0001834116742335714
2022-08-31 08:00:00,0.000946592710069507
2022-08-31 16:00:00,0.00021136677823254606
2022-09-01 00:00:00,-8.762829862176011e-05
2022-09-01 08:00:00,-0.0001125444696565294
2022-09-01 16:00:00,0.0007052805092092414
2022-09-02 00:00:00,-0.00011428772350368291
2022-09-02 08:00:00,-0.00020494322985461762
2022-09-02 16:00:00,-0.0011975167871757593
2022-09-03 00:00:00,4.2969210125538166e-05
2022-09-03 08:00:00,0.0006905977167921346
2022-09-03 16:00:00,0.00039047442752517897
2022-09-04 00:00:00,-0.0003730100377256023
2022-09-04 08:00:00,-0.0008641986800184421
2022-09-04 16:00:00,0.0002079928132417682
2022-09-05 00:00:00,-0.00013536788069445997
2022-09-05 08:00:00,-0.0001592827135926084
2022-09-05 16:00:00,1.9299067362473844e-05
2022-09-06 00:00:00,-0.000239453977660386
2022-09-06 08:00:00,-0.00023282520438595793
2022-09-06 16:00:00,-0.0002916899300547913
2022-09-07 00:00:00,0.0010161828372752606
2022-09-07 08:00:00,-0.0005491026090805595
2022-09-07 16:00:00,-0.0002442708497550855
2022-09-08 00:00:00,-1.7241281887904208e-06
2022-09-08 08:00:00,0.00025128706678430063
2022-09-08 16:00:00,0.0008109150283641247
2022-09-09 00:00:00,-6.804304580861443e-05
2022-09-09 08:00:00,0.0004104795682789314
2022-09-09 16:00:00,-0.00023761460159171753
2022-09-10 00:00:00,0.00023722647546729574
2022-09-10 08:00:00,0.0006049617745254543
2022-09-10 16:00:00,-0.0010217920121174944
2022-09-11 00:00:00,0.00040013272624620704
2022-09-11 08:00:00,0.00035218171094137984
2022-09-11 16:00:00,0.0001578802045663685
2022-09-12 00:00:00,-0.00022394550583888312
2022-09-12 08:00:00,-0.00043794477989161695
2022-09-12 16:00:00,0.0005217485728463834
2022-09-13 00:00:00,-0.0005269600438208181
2022-09-13 08:00:00,-0.0003083355810672559
2022-09-13 16:00:00,0.00010688560323385834
2022-09-14 00:00:00,-0.0010013993837127376
2022-09-14 08:00:00,-0.0012210705952808523
2022-09-14 16:00:00,-0.001091968749976748
2022-09-15 00:00:00,0.00022468301961855758
2022-09-15 08:00:00,0.00010540880010072441
2022-09-15 16:00:00,0.0007420915845861
2022-09-16 00:00:00,-0.0003284822364600494
2022-09-16 08:00:00,-3.192621656740596e-05
2022-09-16 16:00:00,0.0009156132867713488
2022-09-17 00:00:00,0.0013562178755021426
2022-09-17 08:00:00,-0.0002834994700979157
2022-09-17 16:00:00,-3.807634154780357e-05
2022-09-18 00:00:00,-0.0006994947342873789
2022-09-18 08:00:00,-0.00024090876518961766
2022-09-18 16:00:00,8.618151377039043e-05
2022-09-19 00:00:00,-0.00016051539105437987
2022-09-19 08:00:00,-0.0005293799934670529
2022-09-19 16:00:00,-0.0003280456046045919
2022-09-20 00:00:00,0.0009125791786319694
2022-09-20 08:00:00,-0.0005717222230887057
2022-09-20 16:00:00,0.0008681933984831787
2022-09-21 00:00:00,-0.00041614449401117476
2022-09-21 08:00:00,0.0002645217920709928
2022-09-21 16:00:00,-0.0001221213029294683
2022-09-22 00:00:00,0.0009748876843047052
2022-09-22 08:00:00,-0.0008508180938876696
2022-09-22 16:00:00,0.001041167843024182
2022-09-23 00:00:00,-0.0005159584773297397
2022-09-23 08:00:00,0.00012535268409159803
2022-09-23 16:00:00,7.890696704036396e-06
2022-09-24 00:00:00,-8.131223477916014e-05
2022-09-24 08:00:00,0.0003269176063878339
2022-09-24 16:00:00,-0.0006021648547168172
2022-09-25 00:00:00,-0.0004370950316424818
2022-09-25 08:00:00,-0.00020771530539498995
2022-09-25 16:00:00,0.0008602976102789557
2022-09-26 00:00:00,0.0009915015657728753
2022-09-26 08:00:00,0.0002683655505087469
2022-09-26 16:00:00,-0.0006573348183233402
2022-09-27 00:00:00,-0.0005400313283412713
2022-09-27 08:00:00,2.4645085319587755e-05
2022-09-27 16:00:00,-0.0013856306145027667
2022-09-28 00:00:00,0.000573837029267455
2022-09-28 08:00:00,-0.00036798304980673247
2022-09-28 16:00:00,3.255503936967657e-05
2022-09-29 00:00:00,-8.500926774207456e-05
2022-09-29 08:00:00,4.093702369991529e-06
2022-09-29 16:00:00,0.0005866480351036893
2022-09-30 00:00:00,0.00037801764268130273
2022-09-30 08:00:00,0.00020210113530184115
2022-09-30 16:00:00,-0.0007463146435139753
2022-10-01 00:00:00,0.00022325712640290332
2022-10-01 08:00:00,-0.0005766182263911384
2022-10-01 16:00:00,0.00017186201995445844
2022-10-02 00:00:00,-0.000682038649432774
2022-10-02 08:00:00,-0.00011650170292035338
2022-10-02 16:00:00,0.0005744689215958807
2022-10-03 00:00:00,0.0002073963089848505
2022-10-03 08:00:00,-7.336664515461566e-05
2022-10-03 16:00:00,-0.00026632535733493674
2022-10-04 00:00:00,0.0003466714114107468
2022-10-04 08:00:00,0.00022673365434244076
2022-10-04 16:00:00,-0.00024272090944529
2022-10-05 00:00:00,0.0005383221880843156
2022-10-05 08:00:00,0.0004039949377297161
2022-10-05 16:00:00,-0.0003347522451620802
2022-10-06 00:00:00,9.27504833878575e-06
2022-10-06 08:00:00,0.00017619852552490497
2022-10-06 16:00:00,-0.00040477102004298426
2022-10-07 00:00:00,-0.00020289527170627765
2022-10-07 08:00:00,-0.00031286802468917497
2022-10-07 16:00:00,0.0007345847831500385
2022-10-08 00:00:00,-2.936420007869191e-05
2022-10-08 08:00:00,-0.0004771428131532126
2022-10-08 16:00:00,-0.00016263098287951208
2022-10-09 00:00:00,-0.0003332873457236803
2022-10-09 08:00:00,0.000375227141731953
2022-10-09 16:00:00,0.000745599295294248
2022-10-10 00:00:00,-0.0005795424464626637
2022-10-10 08:00:00,-0.0002225953175649855
2022-10-10 16:00:00,-0.0006376060084007402
2022-10-11 00:00:00,-1.3826807457469647e-05
2022-10-11 08:00:00,-0.0007454031394833085
2022-10-11 16:00:00,-0.0007262090176257323
2022-10-12 00:00:00,0.0009604794031207492
2022-10-12 08:00:00,-5.444766922380305e-05
2022-10-12 16:00:00,-0.0010189340371402188
2022-10-13 00:00:00,0.0004524759820889271
2022-10-13 08:00:00,-8.379121659616911e-05
2022-10-13 16:00:00,-0.00043815150806616977
2022-10-14 00:00:00,-6.870550975911102e-05
2022-10-14 08:00:00,-0.00037110382202285713
2022-10-14 16:00:00,0.00033893128767296325
2022-10-15 00:00:00,0.0005030207985188502
2022-10-15 08:00:00,-0.0002456179345235926
2022-10-15 16:00:00,0.0001724739447536692
2022-10-16 00:00:00,0.00012258927538985232
2022-10-16 08:00:00,0.0003559243865338769
2022-10-16 16:00:00,-8.322453609767451e-05
2022-10-17 00:00:00,2.2893518174506025e-05
2022-10-17 08:00:00,0.00046437059247418004
2022-10-17 16:00:00,-0.00016193307902839178
2022-10-18 00:00:00,-0.0011488821970232765
2022-10-18 08:00:00,0.0003392492579779595
2022-10-18 16:00:00,-5.8156433238625554e-05
2022-10-19 00:00:00,0.0004057624150660866
2022-10-19 08:00:00,0.001311294760010616
2022-10-19 16:00:00,4.337295740187907e-05
2022-10-20 00:00:00,-0.00010329570461153669
2022-10-20 08:00:00,-0.00045153206180052714
2022-10-20 16:00:00,0.00030604299456811506
2022-10-21 00:00:00,-0.0009340473975605624
2022-10-21 08:00:00,-8.417781358664729e-05
2022-10-21 16:00:00,0.00020595082650976706
2022-10-22 00:00:00,-0.0003078804372395459
2022-10-22 08:00:00,0.00019873406700277488
2022-10-22 16:00:00,-0.0010112030784341572
2022-10-23 00:00:00,-5.48867703118576e-06
2022-10-23 08:00:00,6.19320813659767e-06
2022-10-23 16:00:00,0.0003432381606756471
2022-10-24 00:00:00,0.0004747358582173746
2022-10-24 08:00:00,0.001078248990414981
2022-10-24 16:00:00,-0.00028464012710158307
2022-10-25 00:00:00,-2.8027455496712388e-05
2022-10-25 08:00:00,-0.0001791756356072649
2022-10-25 16:00:00,-0.00021434925337602748
2022-10-26 00:00:00,-0.0006256630436862095
2022-10-26 08:00:00,4.0231810381711885e-05
2022-10-26 16:00:00,0.00048558504540372523
2022-10-27 00:00:00,-9.875548151274366e-05
2022-10-27 08:00:00,-0.0004888506946956913
2022-10-27 16:00:00,-0.0003686944041482336
2022-10-28 00:00:00,-4.903214340517172e-06
2022-10-28 08:00:00,0.0004715753393424355
2022-10-28 16:00:00,0.00041408635734188723
2022-10-29 00:00:00,8.488830126657995e-05
2022-10-29 08:00:00,0.0006294458054306236
2022-10-29 16:00:00,-2.79559114845739e-06
2022-10-30 00:00:00,-0.0008395212457210381
2022-10-30 08:00:00,0.0005912677891692013
2022-10-30 16:00:00,0.00012651604498368783
2022-10-31 00:00:00,0.00039510391926716456
2022-10-31 08:00:00,-4.072725932401839e-05
2022-10-31 16:00:00,0.0005591788959427757
2022-11-01 00:00:00,-0.0007773726743383597
2022-11-01 08:00:00,-0.0003974591257591501
2022-11-01 16:00:00,-0.0006598060721035207
2022-11-02 00:00:00,4.987800032034888e-05
2022-11-02 08:00:00,0.0005397051793214833
2022-11-02 16:00:00,0.0011016634917139928
2022-11-03 00:00:00,0.00022625567606221226
2022-11-03 08:00:00,0.0006712996429441362
2022-11-03 16:00:00,0.0005191248821045409
2022-11-04 00:00:00,0.0008458014994277093
2022-11-04 08:00:00,3.7512190122274846e-05
2022-11-04 16:00:00,0.0002967957857441756
2022-11-05 00:00:00,0.0011701966892893364
2022-11-05 08:00:00,-0.00019863389276282982
2022-11-05 16:00:00,0.0005288589687215859
2022-11-06 00:00:00,-0.0003544034848815345
2022-11-06 08:00:00,-0.00028654295221654594
2022-11-06 16:00:00,0.0007357276905086468
2022-11-07 00:00:00,-0.00012260650835088226
2022-11-07 08:00:00,-0.00022241826612504425
2022-11-07 16:00:00,-0.00044120287950135805
2022-11-08 00:00:00,-0.0006633253730804966
2022-11-08 08:00:00,-0.00021221537821085386
2022-11-08 16:00:00,-8.907963463112584e-07
2022-11-09 00:00:00,-0.00023745746745939988
2022-11-09 08:00:00,-0.0006577908993858821
2022-11-09 16:00:00,-0.00043422038196390904
2022-11-10 00:00:00,-0.000978552216263761
2022-11-10 08:00:00,0.000322375747968828
2022-11-10 16:00:00,-0.000497495390755438
2022-11-11 00:00:00,-0.0005210578889014946
2022-11-11 08:00:00,-0.0004559001081004874
2022-11-11 16:00:00,7.22775611791235e-06
2022-11-12 00:00:00,-0.0007021242278000029
2022-11-12 08:00:00,0.00012639546157403552
2022-11-12 16:00:00,-0.00037908820621452584
2022-11-13 00:00:00,-0.0010922560387105584
2022-11-13 08:00:00,-0.00010080842960455972
2022-11-13 16:00:00,-6.73590090525251e-05
2022-11-14 00:00:00,0.00022792265233172155
2022-11-14 08:00:00,0.001170777823787188
2022-11-14 16:00:00,-0.0005160581835214652
2022-11-15 00:00:00,0.000563028724615487
2022-11-15 08:00:00,0.0004810726143001035
2022-11-15 16:00:00,-0.0003026261178455099
2022-11-16 00:00:00,-5.641015127311373e-05
2022-11-16 08:00:00,-7.191380938498704e-05
2022-11-16 16:00:00,-0.00031351396055211394
2022-11-17 00:00:00,0.0017908145231479771
2022-11-17 08:00:00,-0.00011161157527832351
2022-11-17 16:00:00,-2.371421730012904e-05
2022-11-18 00:00:00,0.00012020107271935533
2022-11-18 08:00:00,-0.0006722653722456457
2022-11-18 16:00:00,0.00017751643820755237
2022-11-19 00:00:00,0.0009701809558117003
2022-11-19 08:00:00,-4.2877953821858806e-05
2022-11-19 16:00:00,-0.00030178240430553773
2022-11-20 00:00:00,-0.00028769531331779454
2022-11-20 08:00:00,-0.00038917563635410706
2022-11-20 16:00:00,0.0012191593915495693
2022-11-21 00:00:00,-0.0007220102072644944
2022-11-21 08:00:00,-8.03340640025833e-05
2022-11-21 16:00:00,-0.00025562349751143007
2022-11-22 00:00:00,-0.00021359360466141129
2022-11-22 08:00:00,-0.00012055599696644809
2022-11-22 16:00:00,-0.00029511034242433727
2022-11-23 00:00:00,0.00042177177093248754
2022-11-23 08:00:00,2.639732965109308e-05
2022-11-23 16:00:00,-0.00018999746486591553
2022-11-24 00:00:00,0.0004953320553192633
2022-11-24 08:00:00,0.00014893813727436667
2022-11-24 16:00:00,-0.0004431396434256602
2022-11-25 00:00:00,0.0010599213276957502
2022-11-25 08:00:00,-0.00028511949371067566
2022-11-25 16:00:00,0.000400587493015307
2022-11-26 00:00:00,0.0005433820945089849
2022-11-26 08:00:00,-0.00013899033292297233
2022-11-26 16:00:00,0.0005847037058522151
2022-11-27 00:00:00,-8.59198061332238e-05
2022-11-27 08:00:00,-0.0006275116060994121
2022-11-27 16:00:00,8.944014278116486e-05
2022-11-28 00:00:00,-6.930963918220598e-06
2022-11-28 08:00:00,0.0005361748582164109
2022-11-28 16:00:00,-0.00019771675389623438
2022-11-29 00:00:00,0.0007784592164541957
2022-11-29 08:00:00,-0.00015894832121107918
2022-11-29 16:00:00,5.621393909863487e-05
2022-11-30 00:00:00,0.0008417181471883094
2022-11-30 08:00:00,0.00013155985589824226
2022-11-30 16:00:00,0.0003146753589467303
2022-12-01 00:00:00,-0.00014353589772970427
2022-12-01 08:00:00,-0.00041628074780399873
2022-12-01 16:00:00,0.0006592592512661315
2022-12-02 00:00:00,-0.00021502605453753911
2022-12-02 08:00:00,0.0004299378730352898
2022-12-02 16:00:00,-0.0010259561442439097
2022-12-03 00:00:00,0.0002822440456288675
2022-12-03 08:00:00,-7.293126650638754e-06
2022-12-03 16:00:00,0.0009054358186573252
2022-12-04 00:00:00,6.42943859772596e-05
2022-12-04 08:00:00,0.00033914235439769935
2022-12-04 16:00:00,-0.0007999082752570185
2022-12-05 00:00:00,-0.0007672741492954042
2022-12-05 08:00:00,0.000534399686733995
2022-12-05 16:00:00,0.0001012984558852804
2022-12-06 00:00:00,-0.0008339325712323865
2022-12-06 08:00:00,0.0009307874813722011
2022-12-06 16:00:00,0.00045375358829026545
2022-12-07 00:00:00,-0.0002519517251820515
2022-12-07 08:00:00,-0.0006340245032700371
2022-12-07 16:00:00,0.00036548503038780786
2022-12-08 00:00:00,-8.880166614902822e-05
2022-12-08 08:00:00,0.0009369618446701765
2022-12-08 16:00:00,4.993791519777748e-05
2022-12-09 00:00:00,0.0002476516674908035
2022-12-09 08:00:00,-0.0001978021045428647
2022-12-09 16:00:00,0.00012318503323903064
2022-12-10 00:00:00,-0.00035417294144417363
2022-12-10 08:00:00,-0.0006390067816297666
2022-12-10 16:00:00,-0.0007234081046828787
2022-12-11 00:00:00,0.00035510050029577054
2022-12-11 08:00:00,3.409483109815449e-05
2022-12-11 16:00:00,-0.0007011264212152028
2022-12-12 00:00:00,0.0005413569358298359
2022-12-12 08:00:00,-0.0007928385558225174
2022-12-12 16:00:00,-0.001173592559414267
2022-12-13 00:00:00,0.00045612794659856734
2022-12-13 08:00:00,-0.0003001511898118868
2022-12-13 16:00:00,8.578116123925472e-05
2022-12-14 00:00:00,0.0001961730708335807
2022-12-14 08:00:00,-8.637682957261809e-05
2022-12-14 16:00:00,0.00026077244193233257
2022-12-15 00:00:00,0.0005727332999648668
2022-12-15 08:00:00,7.163471207174139e-05
2022-12-15 16:00:00,0.00025404739722958275
2022-12-16 00:00:00,-4.090304338934206e-05
2022-12-16 08:00:00,0.0005951582071887575
2022-12-16 16:00:00,0.0006098410713039603
2022-12-17 00:00:00,-0.00044589324976028726
2022-12-17 08:00:00,-0.0007591099096657513
2022-12-17 16:00:00,0.00042230745962782573
2022-12-18 00:00:00,-0.0003460404136212894
2022-12-18 08:00:00,0.00018857323088859997
2022-12-18 16:00:00,-0.0006630249087625268
2022-12-19 00:00:00,-0.000275158426598226
2022-12-19 08:00:00,-0.0003669477608962161
2022-12-19 16:00:00,0.00044531573305387254
2022-12-20 00:00:00,0.0005737373021199953
2022-12-20 08:00:00,0.0012169657779126243
2022-12-20 16:00:00,-7.568435530224081e-05
2022-12-21 00:00:00,-0.0004971385333437894
2022-12-21 08:00:00,-0.0005537414953217782
2022-12-21 16:00:00,-0.0005636130853457168
2022-12-22 00:00:00,-0.000456202827865703
2022-12-22 08:00:00,0.00023682306758846281
2022-12-22 16:00:00,-0.000778046105689364
2022-12-23 00:00:00,-0.00035822720336499544
2022-12-23 08:00:00,-0.0005884640379101643
2022-12-23 16:00:00,-0.00035251692469308494
2022-12-24 00:00:00,-0.0007212745001703599
2022-12-24 08:00:00,-0.0004725451761766838
2022-12-24 16:00:00,-0.0009450007026764563
2022-12-25 00:00:00,0.000528004252451689
2022-12-25 08:00:00,-0.000312519578487392
2022-12-25 16:00:00,0.0003313709175253225
2022-12-26 00:00:00,-0.0003584848349551108
2022-12-26 08:00:00,-0.0005199910228879631
2022-12-26 16:00:00,-0.0006719051388914814
2022-12-27 00:00:00,-0.0005770386619963032
2022-12-27 08:00:00,0.0010079950841749635
2022-12-27 16:00:00,-0.0005236329682544994
2022-12-28 00:00:00,-0.0003335257988602955
2022-12-28 08:00:00,-0.0013174831900076966
2022-12-28 16:00:00,0.00016860326747318016
2022-12-29 00:00:00,0.0003534299161912711
2022-12-29 08:00:00,0.00018872707922140688
2022-12-29 16:00:00,5.20137936133188e-05
2022-12-30 00:00:00,0.0007465676260640497
2022-12-30 08:00:00,-0.000691397039910541
2022-12-30 16:00:00,0.0001392978473114841
2022-12-31 00:00:00,-0.00024100231120440953
2022-12-31 08:00:00,0.00010588590461143535
2022-12-31 16:00:00,0.00038213120177487444
2023-01-01 00:00:00,0.00011202891903048575
2023-01-01 08:00:00,0.0005041150983835918
2023-01-01 16:00:00,8.794890550253069e-06
2023-01-02 00:00:00,0.0005708062017243704
2023-01-02 08:00:00,5.850389878154884e-06
2023-01-02 16:00:00,0.0004833348702140279
2023-01-03 00:00:00,0.00012394714474581078
2023-01-03 08:00:00,-0.0004984053129392121
2023-01-03 16:00:00,0.00038188200983534803
2023-01-04 00:00:00,-0.00013691256590921564
2023-01-04 08:00:00,-0.0010667481360265932
2023-01-04 16:00:00,4.915629661500327e-05
2023-01-05 00:00:00,0.0006632386451988698
2023-01-05 08:00:00,0.00011306340418048723
2023-01-05 16:00:00,0.00020000975727630708
2023-01-06 00:00:00,0.00026935471922855055
2023-01-06 08:00:00,0.0006204236417078451
2023-01-06 16:00:00,-0.0008541013809791473
2023-01-07 00:00:00,0.0002502658169748186
2023-01-07 08:00:00,0.0003401639717788006
2023-01-07 16:00:00,0.00041075493056408905
2023-01-08 00:00:00,-0.0007527901032073598
2023-01-08 08:00:00,0.0006550312828629734
2023-01-08 16:00:00,-0.0002694711853483994
2023-01-09 00:00:00,0.00040910874988735624
2023-01-09 08:00:00,4.354915438853544e-05
2023-01-09 16:00:00,0.00014465048148027724
2023-01-10 00:00:00,-6.905082845325714e-05
2023-01-10 08:00:00,0.00017699937743067133
2023-01-10 16:00:00,0.0014756484870205983
2023-01-11 00:00:00,-6.670027659626259e-06
2023-01-11 08:00:00,-7.50722903539234e-05
2023-01-11 16:00:00,-0.0005758675192398236
2023-01-12 00:00:00,-0.0003332861186777837
2023-01-12 08:00:00,-0.0006356267713595696
2023-01-12 16:00:00,0.0009674820108807253
2023-01-13 00:00:00,0.0009184614940864003
2023-01-13 08:00:00,0.00029102700003943527
2023-01-13 16:00:00,9.35678923973101e-05
2023-01-14 00:00:00,-6.0780147316459586e-05
2023-01-14 08:00:00,-7.850271911358684e-05
2023-01-14 16:00:00,-4.417225065653957e-05
2023-01-15 00:00:00,0.0008928674232800175
2023-01-15 08:00:00,0.0002205672928571796
2023-01-15 16:00:00,0.0008258218680845534
2023-01-16 00:00:00,-0.0004564354710547983
2023-01-16 08:00:00,-0.00029938977159483545
2023-01-16 16:00:00,2.628025586934089e-05
2023-01-17 00:00:00,-0.0007412714279249868
2023-01-17 08:00:00,-0.00024845620998251985
2023-01-17 16:00:00,0.0006668492732958193
2023-01-18 00:00:00,0.0006035570005398027
2023-01-18 08:00:00,-5.550624901889395e-06
2023-01-18 16:00:00,-0.0007896839662580166
2023-01-19 00:00:00,0.0003999801506352059
2023-01-19 08:00:00,-3.752458103076126e-05
2023-01-19 16:00:00,-0.00039687290322416255
2023-01-20 00:00:00,-0.00023777792743239108
2023-01-20 08:00:00,-0.0005666865430880252
2023-01-20 16:00:00,8.024414071965284e-05
2023-01-21 00:00:00,-6.451144173057151e-06
2023-01-21 08:00:00,-0.00028372374049597963
2023-01-21 16:00:00,0.00018574639297881475
2023-01-22 00:00:00,-0.00026533032970699297
2023-01-22 08:00:00,-0.00035727343743147425
2023-01-22 16:00:00,-0.0005479515694186494
2023-01-23 00:00:00,-0.00012398956651396418
2023-01-23 08:00:00,-0.000421242136705485
2023-01-23 16:00:00,0.0002259898291554661
2023-01-24 00:00:00,-0.0002018409246701212
2023-01-24 08:00:00,-0.0007152928178898794
2023-01-24 16:00:00,-0.0006876151520343698
2023-01-25 00:00:00,-0.00015531339331188729
2023-01-25 08:00:00,-0.00047668603262049586
2023-01-25 16:00:00,-7.315154421931967e-05
2023-01-26 00:00:00,0.00017511038896421603
2023-01-26 08:00:00,-4.7567312817986264e-05
2023-01-26 16:00:00,-0.000235300801338385
2023-01-27 00:00:00,0.00010837779992413286
2023-01-27 08:00:00,0.0010179975987709858
2023-01-27 16:00:00,-0.0009152454634902347
2023-01-28 00:00:00,-0.00022414864821758627
2023-01-28 08:00:00,-4.4303702365332784e-05
2023-01-28 16:00:00,-9.562347769641519e-06
2023-01-29 00:00:00,-0.0003659450931386992
2023-01-29 08:00:00,0.0005892953980035372
2023-01-29 16:00:00,0.0004312413626057307
2023-01-30 00:00:00,0.001260671878070053
2023-01-30 08:00:00,-0.00014412286687583075
2023-01-30 16:00:00,0.000540660278997882
2023-01-31 00:00:00,0.00021342022149145202
2023-01-31 08:00:00,0.0002842513064042172
2023-01-31 16:00:00,3.4024194875259957e-05
2023-02-01 00:00:00,-4.167804231690736e-05
2023-02-01 08:00:00,0.00017317990815412276
2023-02-01 16:00:00,-0.00012947100377802933
2023-02-02 00:00:00,6.239792538755011e-05
2023-02-02 08:00:00,-0.00020739099589626149
2023-02-02 16:00:00,-0.0010330677480911482
2023-02-03 00:00:00,-0.0007943382871525293
2023-02-03 08:00:00,0.0011377948315717335
2023-02-03 16:00:00,0.0005847703556303559
2023-02-04 00:00:00,-0.00010988846042428781
2023-02-04 08:00:00,-0.0010352424262306198
2023-02-04 16:00:00,0.00010040683052125022
2023-02-05 00:00:00,7.959628581452481e-05
2023-02-05 08:00:00,0.00020726451038451644
2023-02-05 16:00:00,0.00030607239101412484
2023-02-06 00:00:00,0.0009563151904549337
2023-02-06 08:00:00,-4.4834908945984314e-05
2023-02-06 16:00:00,0.00020544212564530478
2023-02-07 00:00:00,-0.0004155259655859572
2023-02-07 08:00:00,0.0001697094826289606
2023-02-07 16:00:00,0.0005667688051330642
2023-02-08 00:00:00,2.546243867172174e-05
2023-02-08 08:00:00,-0.0007736232043452987
2023-02-08 16:00:00,0.00046258252233383776
2023-02-09 00:00:00,-0.00028660828888092216
2023-02-09 08:00:00,-0.0006242164686963901
2023-02-09 16:00:00,0.00046183945196647046
2023-02-10 00:00:00,0.00022233418300106607
2023-02-10 08:00:00,9.436637113232677e-05
2023-02-10 16:00:00,-0.00044043044846122905
2023-02-11 00:00:00,0.0009506627049282901
2023-02-11 08:00:00,0.0007191189455752012
2023-02-11 16:00:00,0.00033360971557912385
2023-02-12 00:00:00,-0.000844480064433042
2023-02-12 08:00:00,0.0005659632991301028
2023-02-12 16:00:00,-0.00025733673800445534
2023-02-13 00:00:00,-0.000524141800089365
2023-02-13 08:00:00,0.0005603445768033158
2023-02-13 16:00:00,-2.9459362181174886e-05
2023-02-14 00:00:00,-0.00018788937123591883
2023-02-14 08:00:00,-0.00047426905791485155
2023-02-14 16:00:00,0.0007766999874379555
2023-02-15 00:00:00,-0.0003124878008506396
2023-02-15 08:00:00,-0.00038381450245403
2023-02-15 16:00:00,-5.371280178409921e-05
2023-02-16 00:00:00,0.0005256301664571605
2023-02-16 08:00:00,-0.00041873660957767107
2023-02-16 16:00:00,0.0012849411955004443
2023-02-17 00:00:00,-0.0002645291078665043
2023-02-17 08:00:00,0.00020422377660690163
2023-02-17 16:00:00,5.5092665369923763e-05
2023-02-18 00:00:00,-2.04385332811694e-06
2023-02-18 08:00:00,0.0005821401481852178
2023-02-18 16:00:00,6.145129500381016e-05
2023-02-19 00:00:00,0.00048529161702755427
2023-02-19 08:00:00,0.0007368039646440299
2023-02-19 16:00:00,0.0001346122171181093
2023-02-20 00:00:00,-0.0014328883649676841
2023-02-20 08:00:00,0.0010055236973423665
2023-02-20 16:00:00,-0.00011884808393759977
2023-02-21 00:00:00,-0.00017181011465830097
2023-02-21 08:00:00,-0.00026302253297137994
2023-02-21 16:00:00,-0.0002107669367764342
2023-02-22 00:00:00,0.0011409692836680297
2023-02-22 08:00:00,-0.000616534959906536
2023-02-22 16:00:00,-0.0006420339247302819
2023-02-23 00:00:00,-3.373107474199634e-05
2023-02-23 08:00:00,0.00025135121854563073
2023-02-23 16:00:00,-0.0001789265399737973
2023-02-24 00:00:00,0.00011791430042212433
2023-02-24 08:00:00,-0.00021895560318814232
2023-02-24 16:00:00,-0.0006759952813385221
2023-02-25 00:00:00,5.541925475191761e-06
2023-02-25 08:00:00,-0.00010731947014135934
2023-02-25 16:00:00,-3.6348236891718425e-05
2023-02-26 00:00:00,-0.0002747972933106175
2023-02-26 08:00:00,0.0002984756386130288
2023-02-26 16:00:00,-0.0004194100833459444
2023-02-27 00:00:00,0.00023748316554410385
2023-02-27 08:00:00,-0.0005700883385675475
2023-02-27 16:00:00,-0.0003868310477005364
2023-02-28 00:00:00,0.00017758466616755544
2023-02-28 08:00:00,-0.0004895628727356657
2023-02-28 16:00:00,0.0007125724556774337
2023-03-01 00:00:00,-0.0003232573217535269
2023-03-01 08:00:00,0.00029778920013682434
2023-03-01 16:00:00,0.0005285948549263385
2023-03-02 00:00:00,-0.0003920585976794832
2023-03-02 08:00:00,0.0005468026598721119
2023-03-02 16:00:00,0.0011241359431924942
2023-03-03 00:00:00,0.0003045339963929342
2023-03-03 08:00:00,0.00043751718591779283
2023-03-03 16:00:00,-0.0003609867324851168
2023-03-04 00:00:00,2.1875644632780788e-06
2023-03-04 08:00:00,0.001382860200388394
2023-03-04 16:00:00,0.0002102608762395426
2023-03-05 00:00:00,0.0007606792673227774
2023-03-05 08:00:00,0.00027687456781164767
2023-03-05 16:00:00,0.00015208952656654482
2023-03-06 00:00:00,0.0003071218793169511
2023-03-06 08:00:00,3.696482585061514e-05
2023-03-06 16:00:00,0.0011598245044288928
2023-03-07 00:00:00,0.00023581856779822543
2023-03-07 08:00:00,-0.0001254208791607426
2023-03-07 16:00:00,0.00012240654349704184
2023-03-08 00:00:00,0.0003939174415307738
2023-03-08 08:00:00,0.000702633837125997
2023-03-08 16:00:00,0.00024021460476421352
2023-03-09 00:00:00,-6.617014357078738e-06
2023-03-09 08:00:00,-0.0001817160058672679
2023-03-09 16:00:00,6.701370945825436e-06
2023-03-10 00:00:00,4.461671616266184e-05
2023-03-10 08:00:00,0.00020568706022680073
2023-03-10 16:00:00,-7.981820747377164e-05
2023-03-11 00:00:00,0.0004880327298989006
2023-03-11 08:00:00,0.0003707897668059667
2023-03-11 16:00:00,0.000404352639907605
2023-03-12 00:00:00,-0.0008217462793464848
2023-03-12 08:00:00,-0.0008962454886851207
2023-03-12 16:00:00,-0.0003560529419690381
2023-03-13 00:00:00,3.645039587456329e-05
2023-03-13 08:00:00,-7.75817390844247e-05
2023-03-13 16:00:00,-0.0001346481741178206
2023-03-14 00:00:00,0.0008182854174344729
2023-03-14 08:00:00,1.420955230049312e-05
2023-03-14 16:00:00,-0.00038925935921604117
2023-03-15 00:00:00,1.3362820368675781e-05
2023-03-15 08:00:00,-0.0007582294512853867
2023-03-15 16:00:00,0.00017057640318338701
2023-03-16 00:00:00,0.0003686974258997187
2023-03-16 08:00:00,-6.270102701202838e-05
2023-03-16 16:00:00,-0.0001236373821855252
2023-03-17 00:00:00,-0.0007654586111187455
2023-03-17 08:00:00,-7.134748629951249e-05
2023-03-17 16:00:00,0.0008762853400080088
2023-03-18 00:00:00,0.00022976495749391066
2023-03-18 08:00:00,0.0002223784977989594
2023-03-18 16:00:00,-6.501236831805197e-05
2023-03-19 00:00:00,-0.00027264738966580217
2023-03-19 08:00:00,-0.0003789657851326353
2023-03-19 16:00:00,0.0008286425886789203
2023-03-20 00:00:00,-0.0002922744167602199
2023-03-20 08:00:00,0.00029625277780542407
2023-03-20 16:00:00,2.069449934714575e-06
2023-03-21 00:00:00,-0.0016455128590354697
2023-03-21 08:00:00,-0.0007330144306954791
2023-03-21 16:00:00,0.00017584608150200367
2023-03-22 00:00:00,0.0006761894019797546
2023-03-22 08:00:00,0.0006363817519183443
2023-03-22 16:00:00,-0.00012116240730245254
2023-03-23 00:00:00,0.0002801697903224468
2023-03-23 08:00:00,0.0006919208358380927
2023-03-23 16:00:00,0.0008455578202281977
2023-03-24 00:00:00,0.0003436327827429415
2023-03-24 08:00:00,-0.000870622941316792
2023-03-24 16:00:00,-0.0001514212083012806
2023-03-25 00:00:00,0.00075461293676991
2023-03-25 08:00:00,-0.0001918860198744765
2023-03-25 16:00:00,0.00014749985319623018
2023-03-26 00:00:00,-0.000837934623436779
2023-03-26 08:00:00,4.1530998959614035e-05
2023-03-26 16:00:00,-0.000356705956412199
2023-03-27 00:00:00,-2.3985279960031823e-05
2023-03-27 08:00:00,-0.0007011321839986126
2023-03-27 16:00:00,0.00012649927087889966
2023-03-28 00:00:00,-0.0004235408270030789
2023-03-28 08:00:00,-0.0001054194398624283
2023-03-28 16:00:00,0.0002085994127112093
2023-03-29 00:00:00,0.00024578959311290357
2023-03-29 08:00:00,8.849011165104532e-05
2023-03-29 16:00:00,-0.000358023765316189
2023-03-30 00:00:00,-0.0003103985569998283
2023-03-30 08:00:00,-0.0002977516118345601
2023-03-30 16:00:00,-0.00017618393898045947
2023-03-31 00:00:00,0.00010575190506368949
2023-03-31 08:00:00,-8.135254555712463e-05
2023-03-31 16:00:00,0.0007527029112571999
2023-04-01 00:00:00,0.0006805351278846912
2023-04-01 08:00:00,-0.0007198971498782387
2023-04-01 16:00:00,-0.0001553325275010684
2023-04-02 00:00:00,0.00010155552947928523
2023-04-02 08:00:00,-7.169851691411017e-05
2023-04-02 16:00:00,0.0009621449710157064
2023-04-03 00:00:00,-0.00022546089246288785
2023-04-03 08:00:00,-0.0008371303351624678
2023-04-03 16:00:00,0.0001815687033995388
2023-04-04 00:00:00,-0.00030771112813199976
2023-04-04 08:00:00,-0.00018383625250432267
2023-04-04 16:00:00,0.00029812761194905846
2023-04-05 00:00:00,-0.00014295050122971307
2023-04-05 08:00:00,9.381934787722012e-05
2023-04-05 16:00:00,0.001282642166397933
2023-04-06 00:00:00,0.0008351739324114108
2023-04-06 08:00:00,0.000713680119855893
2023-04-06 16:00:00,-3.627117007981466e-05
2023-04-07 00:00:00,-0.0004631831942271614
2023-04-07 08:00:00,0.0003912964261192328
2023-04-07 16:00:00,-0.001100981844684501
2023-04-08 00:00:00,0.00018181074176339717
2023-04-08 08:00:00,0.00011187678935704118
2023-04-08 16:00:00,9.99656230159766e-05
2023-04-09 00:00:00,0.0006752446426022681
2023-04-09 08:00:00,0.0004715963833278576
2023-04-09 16:00:00,-0.0002790242335726666
2023-04-10 00:00:00,-0.0004475124831742005
2023-04-10 08:00:00,-4.4551722492662994e-05
2023-04-10 16:00:00,-0.0006281472712212992
2023-04-11 00:00:00,0.00010235352242756425
2023-04-11 08:00:00,2.1753901994700208e-06
2023-04-11 16:00:00,0.0008982909416463599
2023-04-12 00:00:00,-0.0008522176123578984
2023-04-12 08:00:00,0.000627430052929442
2023-04-12 16:00:00,-0.00044254021389065345
2023-04-13 00:00:00,0.000762624767230102
2023-04-13 08:00:00,7.449396063992041e-05
2023-04-13 16:00:00,0.0005366286925931532
2023-04-14 00:00:00,-0.0004002726807611824
2023-04-14 08:00:00,-0.0004492266725436915
2023-04-14 16:00:00,0.00010350106242952757
2023-04-15 00:00:00,-0.00036616716251043125
2023-04-15 08:00:00,-0.0007891116875238061
2023-04-15 16:00:00,0.00048002012487306046
2023-04-16 00:00:00,-1.6386444811987884e-05
2023-04-16 08:00:00,0.0004866031627004831
2023-04-16 16:00:00,3.6642300169326826e-05
2023-04-17 00:00:00,-9.934420070222408e-05
2023-04-17 08:00:00,-0.000201227728399917
2023-04-17 16:00:00,0.0007681762474564263
2023-04-18 00:00:00,0.00016020413359505424
2023-04-18 08:00:00,-0.00024097854173447974
2023-04-18 16:00:00,-0.00019360654859256935
2023-04-19 00:00:00,0.0002897865533540577
2023-04-19 08:00:00,-0.0005880891954635956
2023-04-19 16:00:00,0.0001559541875000666
2023-04-20 00:00:00,-0.0006323158314581249
2023-04-20 08:00:00,0.00013599460432633654
2023-04-20 16:00:00,0.0003467845405851979
2023-04-21 00:00:00,-9.491829146699935e-05
2023-04-21 08:00:00,-1.2671306561006175e-05
2023-04-21 16:00:00,-0.0006795728845717464
2023-04-22 00:00:00,0.00025439552992341725
2023-04-22 08:00:00,0.000493743458510643
2023-04-22 16:00:00,-0.000441201027245041
2023-04-23 00:00:00,-0.0004468749921220453
2023-04-23 08:00:00,4.5875759088308524e-05
2023-04-23 16:00:00,-0.0007057995263672555
2023-04-24 00:00:00,-0.00015139549953536102
2023-04-24 08:00:00,-0.0003419109035600663
2023-04-24 16:00:00,0.0006359415425215741
2023-04-25 00:00:00,0.0008844327075649093
2023-04-25 08:00:00,-0.00030083822148554637
2023-04-25 16:00:00,-0.0006879280262274231
2023-04-26 00:00:00,0.00044378829940834835
2023-04-26 08:00:00,-0.0006391180194891986
2023-04-26 16:00:00,0.001126167096294933
2023-04-27 00:00:00,6.183359965083074e-05
2023-04-27 08:00:00,-0.0006603467893990224
2023-04-27 16:00:00,0.0005446739136870338
2023-04-28 00:00:00,8.050416345089133e-05
2023-04-28 08:00:00,0.00019839596582167657
2023-04-28 16:00:00,9.249326196634899e-05
2023-04-29 00:00:00,-0.00035916633942181683
2023-04-29 08:00:00,-0.0003356995060018925
2023-04-29 16:00:00,-0.0004277968484011268
2023-04-30 00:00:00,0.0001236154951663867
2023-04-30 08:00:00,0.00043142350311490657
2023-04-30 16:00:00,-0.0010113618156829783
2023-05-01 00:00:00,-0.0004150788153602149
2023-05-01 08:00:00,0.00011864469580885874
2023-05-01 16:00:00,-0.00047442539216306304
2023-05-02 00:00:00,-0.000425887880200525
2023-05-02 08:00:00,-0.00038562648820861825
2023-05-02 16:00:00,0.00031204480297509693
2023-05-03 00:00:00,6.330815242612719e-05
2023-05-03 08:00:00,0.00034636705628183806
2023-05-03 16:00:00,-0.00010055698576140679
2023-05-04 00:00:00,-0.0006540248270996878
2023-05-04 08:00:00,-0.00021711748615127168
2023-05-04 16:00:00,-3.322924340101494e-05
2023-05-05 00:00:00,-0.00040909344728623113
2023-05-05 08:00:00,0.000790754260189228
2023-05-05 16:00:00,-0.00029988194840457503
2023-05-06 00:00:00,0.0012264145983858668
2023-05-06 08:00:00,0.0013134943936214858
2023-05-06 16:00:00,-0.0001158119562077232
2023-05-07 00:00:00,-0.00017578400335305802
2023-05-07 08:00:00,-0.0002771788017678877
2023-05-07 16:00:00,-0.0004257256506476525
2023-05-08 00:00:00,0.0006684907950062634
2023-05-08 08:00:00,0.00025334608802434123
2023-05-08 16:00:00,0.000498866620660582
2023-05-09 00:00:00,0.00017855950975539136
2023-05-09 08:00:00,4.4205376951025035e-05
2023-05-09 16:00:00,-0.0005179382371915108
2023-05-10 00:00:00,0.00013997127209765264
2023-05-10 08:00:00,-0.0006353545628919232
2023-05-10 16:00:00,0.0001965150394858908
2023-05-11 00:00:00,-0.000550323878726911
2023-05-11 08:00:00,-0.00039540009963642044
2023-05-11 16:00:00,0.0005849659194606892
2023-05-12 00:00:00,-0.00044299364637016137
2023-05-12 08:00:00,0.0005817375189909262
2023-05-12 16:00:00,0.00022984073188097017
2023-05-13 00:00:00,-0.0005242218134272427
2023-05-13 08:00:00,-0.0007663768250603116
2023-05-13 16:00:00,-0.0004544508098812474
2023-05-14 00:00:00,-0.0003572137985316285
2023-05-14 08:00:00,-0.00015461127634338085
2023-05-14 16:00:00,0.00012748488212791005
2023-05-15 00:00:00,7.695972368490103e-05
2023-05-15 08:00:00,-0.00042228397167657906
2023-05-15 16:00:00,1.162133356095669e-05
2023-05-16 00:00:00,5.729492216605531e-05
2023-05-16 08:00:00,0.0007380533606228019
2023-05-16 16:00:00,5.724768719408774e-05
2023-05-17 00:00:00,-0.0011262576366870664
2023-05-17 08:00:00,0.000566102890085517
2023-05-17 16:00:00,-0.0008285421323330395
2023-05-18 00:00:00,-5.606747080177189e-05
2023-05-18 08:00:00,-0.0008274337931058401
2023-05-18 16:00:00,6.861150153975299e-05
2023-05-19 00:00:00,0.00046475428267851347
2023-05-19 08:00:00,-0.00039429896591140995
2023-05-19 16:00:00,0.00019351631740707314
2023-05-20 00:00:00,0.0008995442477222913
2023-05-20 08:00:00,0.0001271915157938556
2023-05-20 16:00:00,-0.00037370802962166406
2023-05-21 00:00:00,-0.0002678198296499526
2023-05-21 08:00:00,0.00022774968032396417
2023-05-21 16:00:00,0.00013000549276415954
2023-05-22 00:00:00,-0.0008212508515447498
2023-05-22 08:00:00,0.0009677921201541977
2023-05-22 16:00:00,0.00013154720676193074
2023-05-23 00:00:00,0.001506546316043638
2023-05-23 08:00:00,-0.00037804217892900734
2023-05-23 16:00:00,-1.0202360695074631e-05
2023-05-24 00:00:00,0.00028270881206277727
2023-05-24 08:00:00,-0.00032522456142198354
2023-05-24 16:00:00,-0.0005452697215585458
2023-05-25 00:00:00,0.000555486417148993
2023-05-25 08:00:00,-0.00019601107268883754
2023-05-25 16:00:00,0.0005201960555250349
2023-05-26 00:00:00,0.0008710499569829939
2023-05-26 08:00:00,-0.0006761171294575009
2023-05-26 16:00:00,0.00014312413143739141
2023-05-27 00:00:00,-5.810173368731182e-05
2023-05-27 08:00:00,-0.0010107359294662128
2023-05-27 16:00:00,0.00023977006072555714
2023-05-28 00:00:00,2.6637105044441474e-05
2023-05-28 08:00:00,-0.0008719344322358919
2023-05-28 16:00:00,0.0011602550366827842
2023-05-29 00:00:00,-0.00011525100900366897
2023-05-29 08:00:00,0.0004523850557751028
2023-05-29 16:00:00,-7.543506161480641e-05
2023-05-30 00:00:00,3.3304860772270056e-05
2023-05-30 08:00:00,0.0002829248998924746
2023-05-30 16:00:00,0.00030146663327108874
2023-05-31 00:00:00,0.00018790296752604658
2023-05-31 08:00:00,0.00026115720625004263
2023-05-31 16:00:00,-0.0004253164315844544
2023-06-01 00:00:00,0.00047500553692219775
2023-06-01 08:00:00,-0.0006242300274560113
2023-06-01 16:00:00,0.0002566405211846903
2023-06-02 00:00:00,0.000454247917364291
2023-06-02 08:00:00,-0.0003731261258809879
2023-06-02 16:00:00,0.0004647134780276721
2023-06-03 00:00:00,0.0002922322803197508
2023-06-03 08:00:00,6.450642644204045e-05
2023-06-03 16:00:00,-0.0001491984653372591
2023-06-04 00:00:00,4.8523910314342565e-05
2023-06-04 08:00:00,-0.00025931884790651185
2023-06-04 16:00:00,0.00016976368783105602
2023-06-05 00:00:00,-0.00036698186885115064
2023-06-05 08:00:00,-0.00015162402960922804
2023-06-05 16:00:00,6.229806956095508e-05
2023-06-06 00:00:00,-0.0003123632974155379
2023-06-06 08:00:00,0.0007938912051335837
2023-06-06 16:00:00,0.00023372310481177373
2023-06-07 00:00:00,-0.00018741521004743327
2023-06-07 08:00:00,-0.00013407154854778043
2023-06-07 16:00:00,-0.0003013702953967277
2023-06-08 00:00:00,4.754413609640326e-05
2023-06-08 08:00:00,0.00046327143567815346
2023-06-08 16:00:00,0.00047289310318900893
2023-06-09 00:00:00,0.0010310420481025287
2023-06-09 08:00:00,-0.00020167229903642804
2023-06-09 16:00:00,-0.001021991565907239
2023-06-10 00:00:00,0.0003732789044105217
2023-06-10 08:00:00,0.0008337574249241465
2023-06-10 16:00:00,0.000610108086597681
2023-06-11 00:00:00,-9.954321972751855e-05
2023-06-11 08:00:00,8.212997555794126e-05
2023-06-11 16:00:00,-0.00037553038484257556
2023-06-12 00:00:00,0.0005816635554687934
2023-06-12 08:00:00,-0.00010515061796778105
2023-06-12 16:00:00,0.00037811381616567705
2023-06-13 00:00:00,-0.0006954979335818995
2023-06-13 08:00:00,0.0004520789091180576
2023-06-13 16:00:00,0.00015190846665033577
2023-06-14 00:00:00,0.00049635217461985
2023-06-14 08:00:00,-0.000298327863491841
2023-06-14 16:00:00,0.0003641791127368805
2023-06-15 00:00:00,7.00499543871126e-05
2023-06-15 08:00:00,-8.592304354223767e-05
2023-06-15 16:00:00,0.000576115663986146
2023-06-16 00:00:00,-0.0003601548790453531
2023-06-16 08:00:00,-0.0005339108847780583
2023-06-16 16:00:00,0.00042325662774741856
2023-06-17 00:00:00,-0.00031301852736567606
2023-06-17 08:00:00,1.1642797630659838e-05
2023-06-17 16:00:00,-0.00029446759771661164
2023-06-18 00:00:00,0.00032437079014565256
2023-06-18 08:00:00,-0.00019738294225325224
2023-06-18 16:00:00,-0.0005274029203290501
2023-06-19 00:00:00,-0.0003137948429822768
2023-06-19 08:00:00,1.8814053029034767e-06
2023-06-19 16:00:00,-0.00028224719947419845
2023-06-20 00:00:00,0.0002684854310827374
2023-06-20 08:00:00,0.0003676701434464484
2023-06-20 16:00:00,-0.00010475903601928414
2023-06-21 00:00:00,0.00040965583268185563
2023-06-21 08:00:00,-0.0006496768773828059
2023-06-21 16:00:00,1.6662157478186623e-05
2023-06-22 00:00:00,0.0005232319901032699
2023-06-22 08:00:00,-0.0006819016451686002
2023-06-22 16:00:00,0.0003669281493597918
2023-06-23 00:00:00,0.000380465063201343
2023-06-23 08:00:00,-0.00034033364386379877
2023-06-23 16:00:00,-1.6008723783581717e-05
2023-06-24 00:00:00,-0.00029573779364947054
2023-06-24 08:00:00,-0.00033636672963205583
2023-06-24 16:00:00,-4.551640805968724e-05
2023-06-25 00:00:00,-0.0004430765785648606
2023-06-25 08:00:00,-0.0007040645649482017
2023-06-25 16:00:00,2.272548314252838e-05
2023-06-26 00:00:00,-5.175468151151702e-05
2023-06-26 08:00:00,0.00017637516577187013
2023-06-26 16:00:00,-0.0002869150379822343
2023-06-27 00:00:00,0.0005444705529627636
2023-06-27 08:00:00,-0.000600021325759838
2023-06-27 16:00:00,-0.0009181698983613621
2023-06-28 00:00:00,-0.001255916333673791
2023-06-28 08:00:00,5.655822155031866e-05
2023-06-28 16:00:00,0.0004457127788361332
2023-06-29 00:00:00,-0.00033410810501370016
2023-06-29 08:00:00,-7.266931365054648e-06
2023-06-29 16:00:00,0.0005320989967987106
2023-06-30 00:00:00,-8.885053499239953e-05
2023-06-30 08:00:00,0.00013472853448665703
2023-06-30 16:00:00,-6.009389354655788e-05
2023-07-01 00:00:00,-0.00045925781325373066
2023-07-01 08:00:00,-4.430430850770686e-05
2023-07-01 16:00:00,-0.00038490648906926465
2023-07-02 00:00:00,-0.0006015291039729361
2023-07-02 08:00:00,1.7512454840479646e-05
2023-07-02 16:00:00,0.00025999922397027686
2023-07-03 00:00:00,-0.00016322905397462588
2023-07-03 08:00:00,-0.00025924433897894474
2023-07-03 16:00:00,4.753678719777078e-06
2023-07-04 00:00:00,-0.00039701267840362036
2023-07-04 08:00:00,0.00021464534911116103
2023-07-04 16:00:00,0.00048036865909777024
2023-07-05 00:00:00,0.0003336763632326173
2023-07-05 08:00:00,-0.0008086897573942597
2023-07-05 16:00:00,0.00011914669114000811
2023-07-06 00:00:00,0.00028280645665424635
2023-07-06 08:00:00,-0.0004438844103665114
2023-07-06 16:00:00,-0.0006236099573940534
2023-07-07 00:00:00,-7.361679571367493e-05
2023-07-07 08:00:00,8.314595106897446e-05
2023-07-07 16:00:00,-0.000981894706624518
2023-07-08 00:00:00,-0.0009447772479164339
2023-07-08 08:00:00,2.0737518482062363e-05
2023-07-08 16:00:00,0.0008247616759163467
2023-07-09 00:00:00,-0.00013891676994887418
2023-07-09 08:00:00,-0.00035179064513096774
2023-07-09 16:00:00,-0.0005797380415134255
2023-07-10 00:00:00,-4.1487504618803656e-05
2023-07-10 08:00:00,-0.0008933828556545602
2023-07-10 16:00:00,0.00016263317344917107
2023-07-11 00:00:00,-5.455002741310278e-05
2023-07-11 08:00:00,-7.882638149315055e-05
2023-07-11 16:00:00,1.832031982595093e-05
2023-07-12 00:00:00,-1.995589766639505e-05
2023-07-12 08:00:00,4.2477999422152066e-05
2023-07-12 16:00:00,0.0007687773425186279
2023-07-13 00:00:00,0.0006916147343976347
2023-07-13 08:00:00,-0.00021134591645318124
2023-07-13 16:00:00,-0.0004454658048227062
2023-07-14 00:00:00,-0.000831816561811971
2023-07-14 08:00:00,5.7390589448316835e-05
2023-07-14 16:00:00,-7.476892305416103e-05
2023-07-15 00:00:00,-0.0006500745298748484
2023-07-15 08:00:00,0.0007157624096091351
2023-07-15 16:00:00,-0.0007334172771197648
2023-07-16 00:00:00,4.808000402626506e-05
2023-07-16 08:00:00,-0.0001680191748974459
2023-07-16 16:00:00,4.1215988205136594e-05
2023-07-17 00:00:00,-0.0005795137236594046
2023-07-17 08:00:00,-0.000334668780195992
2023-07-17 16:00:00,-0.0005734983739159651
2023-07-18 00:00:00,0.00030981829606399207
2023-07-18 08:00:00,-0.0003448170559405602
2023-07-18 16:00:00,-0.0002599766913602424
2023-07-19 00:00:00,0.0005664825330496516
2023-07-19 08:00:00,-0.0005558353041875989
2023-07-19 16:00:00,-0.0002310350063539597
2023-07-20 00:00:00,-7.526935678320487e-05
2023-07-20 08:00:00,0.00020304799985869365
2023-07-20 16:00:00,5.764403077742657e-05
2023-07-21 00:00:00,0.00037070449412038395
2023-07-21 08:00:00,0.0004880414827913765
2023-07-21 16:00:00,0.0002942678580156327
2023-07-22 00:00:00,9.104569095585925e-05
2023-07-22 08:00:00,-0.00013033952653319705
2023-07-22 16:00:00,-0.0006130641026084528
2023-07-23 00:00:00,-0.0004482434901965833
2023-07-23 08:00:00,-0.00038377001241194774
2023-07-23 16:00:00,-0.0006622328417744613
2023-07-24 00:00:00,0.001005087915648536
2023-07-24 08:00:00,0.00021660189673672637
2023-07-24 16:00:00,2.8705384871282177e-05
2023-07-25 00:00:00,-0.0006439483096377962
2023-07-25 08:00:00,0.00032864229513141727
2023-07-25 16:00:00,0.0009145741469795987
2023-07-26 00:00:00,-0.00029121005177717903
2023-07-26 08:00:00,-0.0008074370041079695
2023-07-26 16:00:00,0.0003412878923953036
2023-07-27 00:00:00,0.0005494803110909882
2023-07-27 08:00:00,0.0005912395674963933
2023-07-27 16:00:00,-0.000601207227940569
2023-07-28 00:00:00,0.0009737811967676773
2023-07-28 08:00:00,0.0008719649758906379
2023-07-28 16:00:00,0.00015047977416908425
2023-07-29 00:00:00,0.0008675952408129475
2023-07-29 08:00:00,0.000488949825443249
2023-07-29 16:00:00,0.000595410615520798
2023-07-30 00:00:00,0.00024141414777325556
2023-07-30 08:00:00,0.00010234227409083577
2023-07-30 16:00:00,5.8051534761290856e-05
2023-07-31 00:00:00,0.0003708928499194615
2023-07-31 08:00:00,7.59461634725075e-05
2023-07-31 16:00:00,0.0007216326992567507
2023-08-01 00:00:00,-0.0003801291869493656
2023-08-01 08:00:00,0.00011988187890161375
2023-08-01 16:00:00,-6.30925651977646e-05
2023-08-02 00:00:00,-9.427770036559799e-05
2023-08-02 08:00:00,-0.00015255609795038858
2023-08-02 16:00:00,-0.0005883190215325876
2023-08-03 00:00:00,0.00017937464972839245
2023-08-03 08:00:00,-0.00042517317855497234
2023-08-03 16:00:00,-0.00035427569940359865
2023-08-04 00:00:00,-0.0007563443942273446
2023-08-04 08:00:00,-0.00031800429340884565
2023-08-04 16:00:00,-0.00020667455939032042
2023-08-05 00:00:00,9.661547395627636e-05
2023-08-05 08:00:00,8.281767781442499e-05
2023-08-05 16:00:00,-2.0039518316622026e-05
2023-08-06 00:00:00,0.0005843856093660033
2023-08-06 08:00:00,-6.01144342764812e-05
2023-08-06 16:00:00,4.213632206340643e-05
2023-08-07 00:00:00,-0.0004595173665432074
2023-08-07 08:00:00,-0.00010979305206442491
2023-08-07 16:00:00,-0.0008134579012307164
2023-08-08 00:00:00,0.00031468773357930686
2023-08-08 08:00:00,-7.17877002010622e-05
2023-08-08 16:00:00,-0.0006979810897413631
2023-08-09 00:00:00,3.061085139615912e-05
2023-08-09 08:00:00,-0.00011987602008236789
2023-08-09 16:00:00,3.4056955194674503e-05
2023-08-10 00:00:00,0.00034067439030392515
2023-08-10 08:00:00,0.0003890748416413469
2023-08-10 16:00:00,0.0006501956791514509
2023-08-11 00:00:00,0.0002567511418902369
2023-08-11 08:00:00,-2.3936787715279014e-05
2023-08-11 16:00:00,0.0007534004784615201
2023-08-12 00:00:00,0.0012745083470216544
2023-08-12 08:00:00,0.0003251927561836363
2023-08-12 16:00:00,7.810088957107674e-05
2023-08-13 00:00:00,-0.0005084540081700617
2023-08-13 08:00:00,-0.0012857003225500395
2023-08-13 16:00:00,-0.0005772525783964256
2023-08-14 00:00:00,0.0005775067590700379
2023-08-14 08:00:00,0.0004611812610054177
2023-08-14 16:00:00,-0.0001566097133392006
2023-08-15 00:00:00,7.59976852025522e-05
2023-08-15 08:00:00,0.000918266648337071
2023-08-15 16:00:00,0.00030969422131452287
2023-08-16 00:00:00,-0.00044012800367386533
2023-08-16 08:00:00,-0.0009828468322861043
2023-08-16 16:00:00,-0.0002760113933250123
2023-08-17 00:00:00,-2.5530811534178218e-05
2023-08-17 08:00:00,0.00017805874764095935
2023-08-17 16:00:00,-0.0001067769758184682
2023-08-18 00:00:00,-0.0005273926287010175
2023-08-18 08:00:00,0.00030571019573317836
2023-08-18 16:00:00,-0.0003031749406601635
2023-08-19 00:00:00,-0.00025390329024631086
2023-08-19 08:00:00,-0.00046745360583680786
2023-08-19 16:00:00,-0.0006503473095386568
2023-08-20 00:00:00,-3.5779874311279555e-05
2023-08-20 08:00:00,0.0008860627323032165
2023-08-20 16:00:00,-0.0004581297080877235
2023-08-21 00:00:00,-0.0006497196043470451
2023-08-21 08:00:00,0.0005171434642892664
2023-08-21 16:00:00,0.00010081691583656818
2023-08-22 00:00:00,-0.000408106395511931
2023-08-22 08:00:00,0.0005254626791939996
2023-08-22 16:00:00,0.00041223977079668186
2023-08-23 00:00:00,0.00033418856982797183
2023-08-23 08:00:00,-0.0005038948244019013
2023-08-23 16:00:00,-2.2578263671463847e-05
2023-08-24 00:00:00,0.00015767334465673197
2023-08-24 08:00:00,0.000630509657961106
2023-08-24 16:00:00,0.00029928528238919476
2023-08-25 00:00:00,0.00027829379812857515
2023-08-25 08:00:00,-0.0002989479656324437
2023-08-25 16:00:00,-0.0004039303554879533
2023-08-26 00:00:00,-0.0008001058448711849
2023-08-26 08:00:00,9.035880502859792e-05
2023-08-26 16:00:00,0.0004309482655980936
2023-08-27 00:00:00,-0.0004035307660460864
2023-08-27 08:00:00,-0.0003198866337495234
2023-08-27 16:00:00,-0.00037391406800750445
2023-08-28 00:00:00,-0.0008079918029254686
2023-08-28 08:00:00,0.00022757548661157215
2023-08-28 16:00:00,-0.00026074089109410543
2023-08-29 00:00:00,-0.0002532147693171582
2023-08-29 08:00:00,-0.00017017271191303426
2023-08-29 16:00:00,0.00017172459524611322
2023-08-30 00:00:00,-0.00031325297397232025
2023-08-30 08:00:00,0.0007050904432981365
2023-08-30 16:00:00,0.00015236452648856468
2023-08-31 00:00:00,-3.908982445643545e-05
2023-08-31 08:00:00,0.0002903672066848085
2023-08-31 16:00:00,-0.000666863172562061
2023-09-01 00:00:00,-0.0007534001611670219
2023-09-01 08:00:00,-3.661876791408856e-05
2023-09-01 16:00:00,-0.00023055199083039753
2023-09-02 00:00:00,8.299116180204624e-05
2023-09-02 08:00:00,-9.586423347023338e-05
2023-09-02 16:00:00,0.0004894206661864686
2023-09-03 00:00:00,-0.000557139325900263
2023-09-03 08:00:00,0.0003451326347723779
2023-09-03 16:00:00,7.467439906906897e-05
2023-09-04 00:00:00,2.6032811065773825e-05
2023-09-04 08:00:00,-0.0010247645563990567
2023-09-04 16:00:00,0.0006408321744044516
2023-09-05 00:00:00,-0.0003357148257347686
2023-09-05 08:00:00,-3.385978630447536e-05
2023-09-05 16:00:00,0.0006991056095820595
2023-09-06 00:00:00,-0.0003558666582700538
2023-09-06 08:00:00,-0.00044249197370691603
2023-09-06 16:00:00,-0.0005930720267855946
2023-09-07 00:00:00,0.00025573569250868206
2023-09-07 08:00:00,-1.286741251625499e-05
2023-09-07 16:00:00,-0.00013370396367245595
2023-09-08 00:00:00,0.00015566267698270233
2023-09-08 08:00:00,0.0003274335954276843
2023-09-08 16:00:00,0.000128232891192799
2023-09-09 00:00:00,-4.623393180402498e-05
2023-09-09 08:00:00,0.0004772422047456666
2023-09-09 16:00:00,-0.0004613746851179037
2023-09-10 00:00:00,-0.00036041426586051024
2023-09-10 08:00:00,-0.00021223568959565013
2023-09-10 16:00:00,0.00021859510811567682
2023-09-11 00:00:00,0.0011753467256550674
2023-09-11 08:00:00,-0.00035538926914184765
2023-09-11 16:00:00,-0.0003896684771114449
2023-09-12 00:00:00,-0.00031220024118067585
2023-09-12 08:00:00,0.0004937230171304527
2023-09-12 16:00:00,0.000997112511188084
2023-09-13 00:00:00,-0.0001905336856947425
2023-09-13 08:00:00,3.678315355186303e-05
2023-09-13 16:00:00,-0.0001348713568567014
2023-09-14 00:00:00,-0.0010028507518053923
2023-09-14 08:00:00,0.0008460963861320623
2023-09-14 16:00:00,-0.0005010483848860819
2023-09-15 00:00:00,-0.00019205907382234587
2023-09-15 08:00:00,7.150242645570683e-05
2023-09-15 16:00:00,0.0010781465052781282
2023-09-16 00:00:00,-3.433781481791097e-05
2023-09-16 08:00:00,0.00014422652208191469
2023-09-16 16:00:00,0.0008660800764555871
2023-09-17 00:00:00,0.000398455664165779
2023-09-17 08:00:00,0.00014052157104283176
2023-09-17 16:00:00,-0.0008167053237123308
2023-09-18 00:00:00,0.00018842458379893131
2023-09-18 08:00:00,0.0003280878715454308
2023-09-18 16:00:00,0.00104659078086657
2023-09-19 00:00:00,0.00022909007158224116
2023-09-19 08:00:00,0.00023031753519421207
2023-09-19 16:00:00,2.192662091701543e-05
2023-09-20 00:00:00,-0.0009562212171512011
2023-09-20 08:00:00,-0.0007867522542907848
2023-09-20 16:00:00,0.0001764684885916379
2023-09-21 00:00:00,-0.00022808145805942555
2023-09-21 08:00:00,0.000265162802207772
2023-09-21 16:00:00,-0.00045892264704191463
2023-09-22 00:00:00,0.0005675950438586849
2023-09-22 08:00:00,5.2731057615693114e-05
2023-09-22 16:00:00,3.643142055547902e-05
2023-09-23 00:00:00,0.00045366419547688175
2023-09-23 08:00:00,0.00025806381972952444
2023-09-23 16:00:00,5.7568765415740224e-05
2023-09-24 00:00:00,-0.000856092239377535
2023-09-24 08:00:00,0.0005063246062881257
2023-09-24 16:00:00,-0.00027663277479681255
2023-09-25 00:00:00,0.0005690334878451194
2023-09-25 08:00:00,0.0001760624722883899
2023-09-25 16:00:00,-0.0002277754103815875
2023-09-26 00:00:00,-0.0002439561846795777
2023-09-26 08:00:00,-0.00034551167008189997
2023-09-26 16:00:00,-0.0001169568927640636
2023-09-27 00:00:00,-0.0008012547843638714
2023-09-27 08:00:00,4.369482473072562e-05
2023-09-27 16:00:00,-0.00022180958234797058
2023-09-28 00:00:00,-0.00018272835981798547
2023-09-28 08:00:00,0.0010487357214468969
2023-09-28 16:00:00,7.407717202996947e-06
2023-09-29 00:00:00,0.0003172687947443532
2023-09-29 08:00:00,-0.0013624182973381287
2023-09-29 16:00:00,-0.00021377720911410972
2023-09-30 00:00:00,0.0005644495103530176
2023-09-30 08:00:00,0.0006743456496805807
2023-09-30 16:00:00,2.0335329113703725e-05
2023-10-01 00:00:00,-7.638414874174397e-05
2023-10-01 08:00:00,0.0005380144538359072
2023-10-01 16:00:00,0.0002737350246203322
2023-10-02 00:00:00,-0.0006817049100741276
2023-10-02 08:00:00,0.0005891436557775424
2023-10-02 16:00:00,-0.00033310569366666257
2023-10-03 00:00:00,-7.443739228923642e-05
2023-10-03 08:00:00,-0.0003518069636728729
2023-10-03 16:00:00,-0.0006068308329094455
2023-10-04 00:00:00,0.00041459286185497143
2023-10-04 08:00:00,0.00041434275125943904
2023-10-04 16:00:00,7.438871924418178e-05
2023-10-05 00:00:00,0.0003163277683434196
2023-10-05 08:00:00,0.0003810295360293394
2023-10-05 16:00:00,-0.00030437340906711095
2023-10-06 00:00:00,-0.00025219973933880544
2023-10-06 08:00:00,-0.0004472500420496411
2023-10-06 16:00:00,-0.0005075211268711514
2023-10-07 00:00:00,0.0006446810383873002
2023-10-07 08:00:00,0.0003567073755217045
2023-10-07 16:00:00,0.00028947267724962117
2023-10-08 00:00:00,-0.0006686065968361508
2023-10-08 08:00:00,-0.00047928143766418107
2023-10-08 16:00:00,-0.0009724473343127426
2023-10-09 00:00:00,-0.00011357333210563426
2023-10-09 08:00:00,0.00026319285570617653
2023-10-09 16:00:00,0.00046463570152061186
2023-10-10 00:00:00,0.001212261077503665
2023-10-10 08:00:00,-0.00034047420880739375
2023-10-10 16:00:00,0.00024012877299490896
2023-10-11 00:00:00,-2.9630589718347166e-05
2023-10-11 08:00:00,0.00042743100166291816
2023-10-11 16:00:00,-0.00024100594855419556
2023-10-12 00:00:00,-0.00010369597312529863
2023-10-12 08:00:00,0.000430143836173689
2023-10-12 16:00:00,-0.0005934756437736889
2023-10-13 00:00:00,0.00017054943911949067
2023-10-13 08:00:00,0.0002001644904438063
2023-10-13 16:00:00,-4.650637114298279e-05
2023-10-14 00:00:00,-6.768445465488855e-05
2023-10-14 08:00:00,-0.0005571941063891806
2023-10-14 16:00:00,-0.0003279997750623359
2023-10-15 00:00:00,0.0004460308434563185
2023-10-15 08:00:00,-6.40368405816798e-05
2023-10-15 16:00:00,0.0005487266570413535
2023-10-16 00:00:00,0.00035459616565419744
2023-10-16 08:00:00,0.0007420129206946309
2023-10-16 16:00:00,-0.000274825854800638
2023-10-17 00:00:00,0.0005084080901183805
2023-10-17 08:00:00,-0.0005748143884745217
2023-10-17 16:00:00,-0.0010659777480038326
2023-10-18 00:00:00,0.0001195410387054612
2023-10-18 08:00:00,0.0006968265625956033
2023-10-18 16:00:00,0.000448975301232682
2023-10-19 00:00:00,-7.420199666572403e-05
2023-10-19 08:00:00,0.0004636091128281314
2023-10-19 16:00:00,-0.00010002982007458757
2023-10-20 00:00:00,-2.9948083472319634e-05
2023-10-20 08:00:00,0.00036882410048493
2023-10-20 16:00:00,8.187291119610712e-05
2023-10-21 00:00:00,0.00037506083138522827
2023-10-21 08:00:00,3.081290602037891e-05
2023-10-21 16:00:00,0.0004129396171052154
2023-10-22 00:00:00,0.00023807626458427323
2023-10-22 08:00:00,-0.0008738582436814907
2023-10-22 16:00:00,-0.0005362653137849926
2023-10-23 00:00:00,-0.000569886954074526
2023-10-23 08:00:00,-0.0004608379516007048
2023-10-23 16:00:00,0.0007885717869725438
2023-10-24 00:00:00,-0.00022142027441865168
2023-10-24 08:00:00,0.00045508070360426265
2023-10-24 16:00:00,-0.0003157680572778687
2023-10-25 00:00:00,0.00012574265224234805
2023-10-25 08:00:00,0.000467181021899791
2023-10-25 16:00:00,0.0008609597555448368
2023-10-26 00:00:00,-0.0008312095800451964
2023-10-26 08:00:00,-0.0006286513438504426
2023-10-26 16:00:00,-4.587145503874619e-05
2023-10-27 00:00:00,-0.0002663963860870176
2023-10-27 08:00:00,0.0002473848824810441
2023-10-27 16:00:00,-0.0001500390032014409
2023-10-28 00:00:00,-0.0001145926216093085
2023-10-28 08:00:00,-0.0003499790222483798
2023-10-28 16:00:00,0.0003948412311055867
2023-10-29 00:00:00,0.0009821232638761212
2023-10-29 08:00:00,0.00032422349707579876
2023-10-29 16:00:00,-0.000524073562428589
2023-10-30 00:00:00,0.0006051536473531579
2023-10-30 08:00:00,0.000888232560038278
2023-10-30 16:00:00,-0.0003207745691372818
2023-10-31 00:00:00,7.166590149827336e-05
2023-10-31 08:00:00,0.00032720022093019714
2023-10-31 16:00:00,0.00015879783704340084
2023-11-01 00:00:00,-0.00028768661732525997
2023-11-01 08:00:00,0.0014049845361576805
2023-11-01 16:00:00,0.00019072465420836142
2023-11-02 00:00:00,0.0003769406409401194
2023-11-02 08:00:00,-2.4910971738422463e-05
2023-11-02 16:00:00,0.00028800525001086827
2023-11-03 00:00:00,-0.0008932744492132485
2023-11-03 08:00:00,0.00037493326119135265
2023-11-03 16:00:00,0.0005492370225200817
2023-11-04 00:00:00,-0.00013812542475436822
2023-11-04 08:00:00,0.00045030296864980156
2023-11-04 16:00:00,-0.0005367061652624634
2023-11-05 00:00:00,-0.0009585087336191244
2023-11-05 08:00:00,-0.0007875898965685851
2023-11-05 16:00:00,-0.0006736997953605375
2023-11-06 00:00:00,0.0002761309831702972
2023-11-06 08:00:00,-0.00035640559300758847
2023-11-06 16:00:00,0.0004486102898092136
2023-11-07 00:00:00,-3.963857283521163e-05
2023-11-07 08:00:00,-0.0013614675701411315
2023-11-07 16:00:00,6.95636670042624e-05
2023-11-08 00:00:00,-0.000628007488253695
2023-11-08 08:00:00,0.0009492993068855521
2023-11-08 16:00:00,0.0006093058888545938
2023-11-09 00:00:00,9.922320967461329e-05
2023-11-09 08:00:00,-0.0004856579791820103
2023-11-09 16:00:00,-0.00045081571704827614
2023-11-10 00:00:00,0.0004443405922687314
2023-11-10 08:00:00,-0.0006282454050769168
2023-11-10 16:00:00,0.0005746019558872899
2023-11-11 00:00:00,-0.000596717822959729
2023-11-11 08:00:00,-0.00013305358367408823
2023-11-11 16:00:00,-7.32543040978238e-06
2023-11-12 00:00:00,-0.0006743269776184446
2023-11-12 08:00:00,-0.0006251124237632355
2023-11-12 16:00:00,-0.0002668090818279798
2023-11-13 00:00:00,-0.0005198282839509085
2023-11-13 08:00:00,-0.00027083500771421325
2023-11-13 16:00:00,7.211428341422223e-05
2023-11-14 00:00:00,7.802156954858327e-05
2023-11-14 08:00:00,-0.000626019475052055
2023-11-14 16:00:00,7.92898606447417e-05
2023-11-15 00:00:00,-0.0002942858936799036
2023-11-15 08:00:00,-0.0014660881535572972
2023-11-15 16:00:00,0.0008439902684129668
2023-11-16 00:00:00,-0.0007197403265003663
2023-11-16 08:00:00,-0.00019701790447437567
2023-11-16 16:00:00,0.0001081634974260493
2023-11-17 00:00:00,-0.00043217059667090485
2023-11-17 08:00:00,0.00022738364226664902
2023-11-17 16:00:00,-0.00038213980135065546
2023-11-18 00:00:00,-0.000263839987435569
2023-11-18 08:00:00,0.0006321984826325379
2023-11-18 16:00:00,9.924939807000369e-05
2023-11-19 00:00:00,-0.0009334900926230836
2023-11-19 08:00:00,-4.246912857978754e-06
2023-11-19 16:00:00,-0.00025972365916866324
2023-11-20 00:00:00,-0.001186060048829415
2023-11-20 08:00:00,-0.0004764740121227366
2023-11-20 16:00:00,-0.0002345860605944649
2023-11-21 00:00:00,4.545079642434746e-05
2023-11-21 08:00:00,-0.00024096253692244127
2023-11-21 16:00:00,-0.00019222744718863058
2023-11-22 00:00:00,-0.000715798034544605
2023-11-22 08:00:00,-0.0002209270259158267
2023-11-22 16:00:00,6.373662388767427e-05
2023-11-23 00:00:00,0.000280581170206319
2023-11-23 08:00:00,-3.921171693217709e-05
2023-11-23 16:00:00,0.000742582801654321
2023-11-24 00:00:00,-0.0005556849284088225
2023-11-24 08:00:00,-0.0001315617108346435
2023-11-24 16:00:00,0.0006956262710991925
2023-11-25 00:00:00,-0.00033264754246206045
2023-11-25 08:00:00,0.00023534678998080055
2023-11-25 16:00:00,-0.0003079433464979062
2023-11-26 00:00:00,-4.311642773979103e-05
2023-11-26 08:00:00,0.00114479938446904
2023-11-26 16:00:00,-0.0004606512405734991
2023-11-27 00:00:00,-0.0003757821860048134
2023-11-27 08:00:00,-8.92199522937904e-05
2023-11-27 16:00:00,0.0013154116554213546
2023-11-28 00:00:00,-0.0003500414356157031
2023-11-28 08:00:00,-0.0006472169426735683
2023-11-28 16:00:00,-0.0005158303039863104
2023-11-29 00:00:00,0.0008633228453353684
2023-11-29 08:00:00,7.727729785765846e-06
2023-11-29 16:00:00,-0.00010576375250543521
2023-11-30 00:00:00,7.420554686610867e-05
2023-11-30 08:00:00,-0.0004855626789946994
2023-11-30 16:00:00,-0.0005769083110375394
2023-12-01 00:00:00,0.00047025864301835827
2023-12-01 08:00:00,0.0003259661775783448
2023-12-01 16:00:00,0.0010720451300599793
2023-12-02 00:00:00,0.0005696953230737975
2023-12-02 08:00:00,0.000104716393801303
2023-12-02 16:00:00,-0.0004720115732876033
2023-12-03 00:00:00,0.00019111539840190465
2023-12-03 08:00:00,-0.00013509916517483961
2023-12-03 16:00:00,0.0005417104332530766
2023-12-04 00:00:00,0.0004995538820193255
2023-12-04 08:00:00,-0.0001459593385264051
2023-12-04 16:00:00,0.0003665448847947364
2023-12-05 00:00:00,0.000191488343489183
2023-12-05 08:00:00,-3.7077004351006644e-06
2023-12-05 16:00:00,-0.0004322943583713717
2023-12-06 00:00:00,0.0004021010150629343
2023-12-06 08:00:00,-9.426058207398849e-06
2023-12-06 16:00:00,-0.0002927416122278173
2023-12-07 00:00:00,-6.22169755261183e-05
2023-12-07 08:00:00,1.9479917782173964e-05
2023-12-07 16:00:00,-0.0002559032518435378
2023-12-08 00:00:00,0.0004333137376106424
2023-12-08 08:00:00,-0.00019960233763822492
2023-12-08 16:00:00,-0.0004129899237205566
2023-12-09 00:00:00,-0.0003583629414763791
2023-12-09 08:00:00,0.00015934295937438707
2023-12-09 16:00:00,-0.0008999591510263684
2023-12-10 00:00:00,0.0005633293269018222
2023-12-10 08:00:00,0.000787414516998261
2023-12-10 16:00:00,0.00025129445631792105
2023-12-11 00:00:00,-0.0002736121546887375
2023-12-11 08:00:00,0.0004338443492231575
2023-12-11 16:00:00,-0.0003690804977000599
2023-12-12 00:00:00,0.0009584664201405385
2023-12-12 08:00:00,2.0826454280743553e-05
2023-12-12 16:00:00,1.5502355092381875e-05
2023-12-13 00:00:00,-0.0003047401082910123
2023-12-13 08:00:00,0.00048328839452002235
2023-12-13 16:00:00,-0.0004766382953443713
2023-12-14 00:00:00,4.8331707341318054e-05
2023-12-14 08:00:00,0.00053421072517522
2023-12-14 16:00:00,0.00032986941726572343
2023-12-15 00:00:00,0.0013385711337575597
2023-12-15 08:00:00,-0.0003221666377739307
2023-12-15 16:00:00,5.398343111078416e-05
2023-12-16 00:00:00,-0.00030575073346392363
2023-12-16 08:00:00,-0.0010768100558851764
2023-12-16 16:00:00,-4.456189222178343e-05
2023-12-17 00:00:00,-0.0005578808511363818
2023-12-17 08:00:00,0.00033461324294647846
2023-12-17 16:00:00,0.0002346702451380779
2023-12-18 00:00:00,-0.0016558705101955649
2023-12-18 08:00:00,-6.255608020482928e-05
2023-12-18 16:00:00,0.0004473990320559388
2023-12-19 00:00:00,-0.00020901442445595824
2023-12-19 08:00:00,0.0004470422638134438
2023-12-19 16:00:00,-0.0006686500504152812
2023-12-20 00:00:00,7.18803479939937e-05
2023-12-20 08:00:00,-0.0002518450998436315
2023-12-20 16:00:00,0.0011503247228024818
2023-12-21 00:00:00,-0.0007089087452722672
2023-12-21 08:00:00,0.000278504730736063
2023-12-21 16:00:00,-0.00017223265451109896
2023-12-22 00:00:00,-0.0006922042918855551
2023-12-22 08:00:00,1.4442398452070182e-05
2023-12-22 16:00:00,0.0003919387535204677
2023-12-23 00:00:00,-0.0004219932938976218
2023-12-23 08:00:00,-0.0005144968597026318
2023-12-23 16:00:00,-0.0009970640774715164
2023-12-24 00:00:00,0.00038906658746936583
2023-12-24 08:00:00,-5.045857491297737e-05
2023-12-24 16:00:00,-0.0008246871287345499
2023-12-25 00:00:00,-6.028475036256306e-05
2023-12-25 08:00:00,-7.533321229890684e-05
2023-12-25 16:00:00,-0.00025319651016329233
2023-12-26 00:00:00,0.0007490297066358417
2023-12-26 08:00:00,0.0004929425173775332
2023-12-26 16:00:00,-0.0007022457366810054
2023-12-27 00:00:00,0.00028312059074956855
2023-12-27 08:00:00,-0.0001411960290118039
2023-12-27 16:00:00,-0.0006737890408355246
2023-12-28 00:00:00,-0.0006230649781508345
2023-12-28 08:00:00,0.00015850359780264202
2023-12-28 16:00:00,0.00037301276426019624
2023-12-29 00:00:00,0.0001602838669192706
2023-12-29 08:00:00,-0.00021824168328108792
2023-12-29 16:00:00,-0.00015638439937571642
2023-12-30 00:00:00,0.00036413900167073514
2023-12-30 08:00:00,0.0003836327180254537
2023-12-30 16:00:00,0.0009372013952374337
2023-12-31 00:00:00,-0.00022980216502698964
2023-12-31 08:00:00,2.3943157495409287e-05
2023-12-31 16:00:00,0.0001463035396912459
2024-01-01 00:00:00,-0.0004461097414697221
